Barcode,Morphological Annotation
AAACAAGTATCTCCCA-1,tumor
AAACAGTGTTCCTGGG-1,tumor
AAACATTTCCCGGATT-1,tumor
AAACCCGAACGAAATC-1,tumor
AAACCGGAAATGTTAA-1,tumor
AAACCGTTCGTCCAGG-1,tumor
AAACCTAAGCAGCCGG-1,tumor
AAACGAGACGGTTGAT-1,tumor
AAACGGGCGTACGGGT-1,tumor
AAACGGTTGCGAACTG-1,tumor
AAACTCGGTTCGCAAT-1,tumor
AAACTCGTGATATAAG-1,tumor
AAACTGCTGGCTCCAA-1,tumor
AAAGCTTGCCTACATA-1,tumor
AAAGGCCCTATAATAC-1,
AAAGGCTACGGACCAT-1,tumor
AAAGGCTCTCGCGCCG-1,tumor
AAAGTGTGATTTATCT-1,tumor
AAAGTTGACTCCCGTA-1,tumor
AAATAAGGTAGTGCCC-1,tumor
AAATACCTATAAGCAT-1,tumor
AAATAGCTTAGACTTT-1,tumor
AAATAGGGTGCTATTG-1,tumor
AAATCCGATACACGCC-1,tumor
AAATCGTGTACCACAA-1,tumor
AAATCTAGCCCTGCTA-1,tumor
AAATGACTGATCAAAC-1,
AAATGATTCGATCAGC-1,
AAATGGTCAATGTGCC-1,tumor
AAATTAACGGGTAGCT-1,
AAATTACCTATCGATG-1,
AAATTCCAGGTCCAAA-1,tumor
AAATTGATAGTCCTTT-1,tumor
AAATTTGCGGGTGTGG-1,tumor
AACAATACATTGTCGA-1,tumor
AACACACGCTCGCCGC-1,tumor
AACAGCTGTGTGGCAA-1,tumor
AACAGGTAGTATGGAT-1,tumor
AACATATCAACTGGTG-1,tumor
AACATTGAAGTTGATC-1,
AACATTGTGACTCGAG-1,tumor
AACCCATCCCATGATC-1,
AACCCGACAACCCGTG-1,tumor
AACCCGAGCAGAATCG-1,tumor
AACCCGCTGTATTCCA-1,
AACCCTACTGTCAATA-1,tumor
AACCGAGCTTGGTCAT-1,
AACCGCTAAGGGATGC-1,tumor
AACCTCGCTTTAGCCC-1,tumor
AACCTGTCACGGAATT-1,tumor
AACCTTTAAATACGGT-1,tumor
AACGATAATGCCGTAG-1,tumor
AACGCGACCTTGGGCG-1,tumor
AACGCTGTTGCTGAAA-1,tumor
AACGGACGTACGTATA-1,tumor
AACGGCCATCTCCGGT-1,tumor
AACGTACTGTGGGTAC-1,
AACGTGCGAAAGTCTC-1,tumor
AACTACCCGTTTGTCA-1,tumor
AACTAGGCTTGGGTGT-1,tumor
AACTCAAGTTAATTGC-1,tumor
AACTCCAGAGCGTGTT-1,tumor
AACTCTCAATAGAGCG-1,tumor
AACTCTCAGTGTGCTC-1,tumor
AACTGAGTTATACTGA-1,tumor
AACTTTCTCGATCATG-1,tumor
AAGAAATCACCAGATT-1,tumor
AAGACCCAACTGAACA-1,tumor
AAGACTGCAAGCTACT-1,tumor
AAGAGCTCTTTATCGG-1,tumor
AAGAGGCATGGATCGC-1,tumor
AAGAGGCCCTTTGGAA-1,tumor
AAGATGGCACCGGACC-1,tumor
AAGCACCCTGCGTATC-1,tumor
AAGCATACTCTCCTGA-1,tumor
AAGCCGAAGCGGTTTA-1,tumor
AAGCCGCCGTGAAATC-1,tumor
AAGCCGCTTTACCTTG-1,tumor
AAGCCGGAGAGCAGGA-1,
AAGCGCAGGGCTTTGA-1,tumor
AAGCGTCCCTCATCGA-1,tumor
AAGCTAGATCGAGTAA-1,tumor
AAGCTCGTGCCAAGTC-1,tumor
AAGCTCTTTCATGGTG-1,tumor
AAGGATCGATCGCTTG-1,tumor
AAGGCAGGCTGTCTCC-1,tumor
AAGGGAACGACTGGCT-1,
AAGGGACTATGCATTC-1,tumor
AAGGTGATAAACCAGC-1,tumor
AAGTCAATTGTCGTCA-1,tumor
AAGTCTAGTAGCTGCC-1,tumor
AAGTGAGTCGGGTTTA-1,tumor
AAGTGCCTTGACTGTA-1,tumor
AAGTGCTTCTCTATTG-1,tumor
AAGTGTTTGGAGACGG-1,tumor
AAGTTCACTCCAAGCT-1,tumor
AAGTTCGGCCAACAGG-1,tumor
AAGTTGTGATGTTATA-1,tumor
AAGTTTATGGGCCCAA-1,tumor
AATAACACTAGAACAA-1,tumor
AATAATCTTCGTATCG-1,tumor
AATACCGGAGGGCTGT-1,tumor
AATAGAACAGAGTGGC-1,tumor
AATAGAATCTGTTTCA-1,tumor
AATAGTCCGTCCCGAC-1,tumor
AATATCGAATCAATGC-1,tumor
AATATCGAGGGTTCTC-1,tumor
AATCAGGTTTCATTTA-1,tumor
AATCATGTAAAGACTC-1,tumor
AATCCCGCTCAGAGCC-1,
AATCGCCTCAGCGCCA-1,tumor
AATCGCGCAGAGGACT-1,tumor
AATCGTGAGCCGAGCA-1,tumor
AATCTATGCCGGAGCC-1,tumor
AATCTGCGTTGGGACG-1,tumor
AATGACAGCAATGTCT-1,tumor
AATGACGTAGGATGTC-1,tumor
AATGATGCGACTCCTG-1,tumor
AATGCACCAAGCAATG-1,
AATGTGCCCGAGGTGT-1,tumor
AATGTGCTAATCTGAG-1,tumor
AATGTTGTCGTGAGAC-1,tumor
AATTAAAGGTCGGCGT-1,
AATTAACGGATTTCCA-1,tumor
AATTAGCGCTGCAGCG-1,tumor
AATTCCAAGCATGTAC-1,tumor
AATTCGATTCGAGGAT-1,tumor
AATTCTAGAGTTAGGC-1,tumor
AATTGAACGCTCTGGT-1,tumor
AATTGCAGCAATCGAC-1,tumor
ACAAACCATGCGTCCT-1,
ACAAAGCATGACCTAG-1,tumor
ACAAATCGCACCGAAT-1,tumor
ACAAATGGTAGTGTTT-1,tumor
ACAACAGCATGAGCTA-1,
ACAAGGAAATCCGCCC-1,tumor
ACAAGGATGCTTTAGG-1,tumor
ACAAGGGCAGGCTCTG-1,tumor
ACAATAGTCGTACGTT-1,
ACAATGAATACGGAGA-1,tumor
ACAATTGTGTCTCTTT-1,tumor
ACAATTTGGCCATATT-1,tumor
ACACACCAGGACCAGT-1,tumor
ACACATGATCAAATCT-1,
ACACATTTCCGTAGAC-1,
ACACCACATAATTAGC-1,tumor
ACACCGGTCTGACCGC-1,
ACACCTTACTACTTGC-1,tumor
ACACGTAGGCCACAAG-1,tumor
ACACTGATCAAGGTGT-1,tumor
ACACTGGGACAGTCGT-1,tumor
ACAGCGACATTCTCAT-1,tumor
ACAGGCACGGATCCTT-1,tumor
ACAGGCTTGCCCGACT-1,tumor
ACAGGTGGAGGTGAGG-1,tumor
ACAGTATACCGTGGGA-1,tumor
ACATCCCGGCCATACG-1,tumor
ACATCCTGGTAACTGT-1,tumor
ACATCGATCGTTTACC-1,tumor
ACATCGGTCAGCCGCG-1,tumor
ACATCGTATGCAATGG-1,tumor
ACATGGCGCCAAAGTA-1,tumor
ACATTAGTTTATATCC-1,tumor
ACCAACCGCACTCCAC-1,tumor
ACCAACGCTTATTTAT-1,tumor
ACCAATATGCAAGTTA-1,tumor
ACCACAAGTTTCTATC-1,
ACCACCAATGTAACAA-1,tumor
ACCACCCTCTCTTCTA-1,tumor
ACCACGTGCAGCTATA-1,tumor
ACCAGTGCGGGAGACG-1,tumor
ACCATATCCGCAATAA-1,tumor
ACCATCGTATATGGTA-1,tumor
ACCCAACGCCCGTGGC-1,
ACCCATCTTGAGGGTA-1,tumor
ACCCATTTGTCCCTCT-1,tumor
ACCCGAGCGAAATTAC-1,tumor
ACCCGATTGGTTCCGA-1,tumor
ACCCGGAAACTCCCAG-1,tumor
ACCCGGAGCACCACAA-1,
ACCCGGATGACGCATC-1,tumor
ACCCGGTTACACTTCC-1,tumor
ACCCGTGTCATCAGTA-1,tumor
ACCCTATGCCATATCG-1,tumor
ACCCTCCCGTCAGGGC-1,tumor
ACCCTCCCTTGCTATT-1,tumor
ACCCTGGTAACGCCCT-1,tumor
ACCCTTGCCTGGGTCG-1,tumor
ACCGAAGAGTCTGGTT-1,
ACCGACACATCTCCCA-1,tumor
ACCGACTGAGTCCCAC-1,
ACCGAGTCTCCTTATT-1,tumor
ACCGATAGGCATAACC-1,tumor
ACCGATATTTAATCAT-1,tumor
ACCGATGGTAGCATCG-1,tumor
ACCGCAATAACTGCCT-1,tumor
ACCGCGGTGGAAGTCG-1,tumor
ACCGGGCCTTTGTTGA-1,tumor
ACCGGTCAGGTACACC-1,
ACCGTGACCACGTGGG-1,tumor
ACCTAAGTACCTTTCA-1,tumor
ACCTACAGTATGTGGT-1,tumor
ACCTACTATAAATCTA-1,tumor
ACCTCCGCCCTCGCTG-1,tumor
ACCTCCGTTATTCACC-1,tumor
ACGACCCATGAGTTGC-1,
ACGACTCTAGGGCCGA-1,tumor
ACGACTGGTCATACTC-1,tumor
ACGAGGTTTACAACGT-1,
ACGAGTACGGATGCCC-1,tumor
ACGATACATAGAACTA-1,
ACGATCATCTTGTAAA-1,tumor
ACGATGCATATGTTAT-1,tumor
ACGCAAACTAATAGAT-1,tumor
ACGCAATCACTACAGC-1,tumor
ACGCATACGTTTACTA-1,tumor
ACGCATTCGTGAGTAC-1,
ACGCCACTCGAAACAG-1,
ACGCCAGTGCGTTTGC-1,
ACGCCGCTAGACGACC-1,tumor
ACGCGAAGTCAGACGA-1,tumor
ACGCGCTACACAGGGT-1,tumor
ACGCGGGCCAAGGACA-1,tumor
ACGCTAGTGATACACT-1,tumor
ACGGAACACGAGTGCC-1,
ACGGACTCTCAAAGCG-1,tumor
ACGGATGGTGCGGATA-1,tumor
ACGGCACTTGCTTGGG-1,tumor
ACGGCCAACATGGACT-1,tumor
ACGGCGACGATGGGAA-1,tumor
ACGGGCGTATGCGACA-1,tumor
ACGGTACAGTTCAATG-1,tumor
ACGTACTTTGGCACGG-1,tumor
ACGTAGGAGAGTCGCT-1,tumor
ACGTATTACTCCGATC-1,tumor
ACGTGCGCCTCGTGCA-1,
ACGTTAATGTCGAAGA-1,tumor
ACGTTAGATTTGCCCG-1,tumor
ACGTTCGCAATCAATT-1,tumor
ACGTTCGTTCAGGAAA-1,tumor
ACGTTCTGTACAAGTC-1,tumor
ACTAAGGACGCACACC-1,
ACTACAAAGAGAGGTG-1,tumor
ACTACATCCCGACAAG-1,tumor
ACTACCAGCTCTCTGG-1,
ACTACGCGTTAGAATT-1,tumor
ACTAGTTGCGATCGTC-1,tumor
ACTATATGCTGTGTTC-1,
ACTATCCAGGGCATGG-1,tumor
ACTATCTGCCCGCGTA-1,tumor
ACTATGTCCAGCTGCC-1,
ACTATTTCCGGGCCCA-1,tumor
ACTCAACGAATGTATT-1,
ACTCAAGTGCAAGGCT-1,tumor
ACTCAATAAAGGCACG-1,
ACTCCAATATCATCAT-1,tumor
ACTCCCGAATTCGTTT-1,tumor
ACTCCCGTAGACTAGG-1,tumor
ACTCCCTAATGCTAAA-1,tumor
ACTCCCTAGAATAGTA-1,tumor
ACTCCGGCCGACCACT-1,tumor
ACTCGCCGTTCGATAA-1,tumor
ACTCGCGATCTGACGC-1,tumor
ACTCGTCAGTAATCCC-1,tumor
ACTCTCTGACTTAGGT-1,tumor
ACTCTGACCTAATAGA-1,tumor
ACTCTTCAGCTCCCGC-1,tumor
ACTCTTGTATAGTAAC-1,tumor
ACTGAAACGCCGTTAG-1,tumor
ACTGAATGGCGAAAGT-1,tumor
ACTGCCCGCCATTCTC-1,tumor
ACTGCGGACACACCGT-1,tumor
ACTGGGATGCCAGTGC-1,tumor
ACTGTCCAGGATTATA-1,
ACTGTCTTCTTTAGAA-1,
ACTTACGCATCCACGC-1,tumor
ACTTATACTTACCCGG-1,tumor
ACTTATTAGGATCGGT-1,tumor
ACTTATTTATGTGCCA-1,tumor
ACTTCAGGCTGATCCC-1,tumor
ACTTCCATGCGGGACA-1,tumor
ACTTCGCTAGCGAGTG-1,tumor
ACTTGACTCCCTCTTT-1,tumor
ACTTGTGGATGGAACG-1,tumor
ACTTGTTACCGGATCA-1,
ACTTTACCCTCATGAA-1,tumor
ACTTTCCTATAGCTTC-1,
ACTTTGGTCGTGCTCC-1,
ACTTTGTCGACGCACT-1,tumor
AGAAATTATGACTCGC-1,tumor
AGAACCCAGCGTGACA-1,tumor
AGAAGAGCGCCGTTCC-1,tumor
AGAAGGTACACTTCAC-1,tumor
AGAAGGTTGCCGAATT-1,tumor
AGAAGGTTGTAGGTCG-1,tumor
AGAATTATGGATTCGA-1,tumor
AGACAGGCATCTCAGC-1,
AGACCCACCGCTGATC-1,tumor
AGACCGCTCCGCGGTT-1,tumor
AGACGAAGTGCCGGTC-1,tumor
AGACGACGATGCCGCT-1,tumor
AGACGCCCACTTCGCC-1,tumor
AGACTGTTACCGGGTC-1,tumor
AGAGAAACACCAGAAA-1,tumor
AGAGAAGGAGTACAAT-1,tumor
AGAGCCGCCGAGATTT-1,tumor
AGAGCGCTTGTAACGG-1,tumor
AGAGGCTTCGGAAACC-1,tumor
AGAGTAAACTTCACTA-1,tumor
AGAGTATAGTGTTACG-1,tumor
AGATAACTTCAGGGCC-1,
AGATACCAATAGAACC-1,tumor
AGATACCGGTGTTCAC-1,tumor
AGATACTCAAGATCGA-1,tumor
AGATATAATACGACTA-1,tumor
AGATGATGGAGTCTGG-1,tumor
AGATTATAGGACGTTT-1,
AGATTCACAACCGATA-1,tumor
AGCAAAGGCCGCTAGT-1,tumor
AGCAACATATCTTATT-1,tumor
AGCACACGTTTAGACT-1,
AGCACCAGTACTCACG-1,
AGCACTACCTCACCAG-1,tumor
AGCAGAAGGAGAAAGA-1,tumor
AGCAGCCAGATGAATA-1,tumor
AGCATATCAATATGCT-1,tumor
AGCATTACGAGGCAAG-1,tumor
AGCCAAGCTTTGTGTC-1,tumor
AGCCACAGGTTACCCG-1,tumor
AGCCACTCCCGTGCTT-1,
AGCCATATAGTATGTG-1,tumor
AGCCCGCAACAAGCAG-1,tumor
AGCCCGGCATTAGAGG-1,tumor
AGCCCGGTAGCCTGTA-1,tumor
AGCCCTCCCTGGTGGC-1,tumor
AGCCCTGTCGCACCGT-1,tumor
AGCCCTTGGACATCCC-1,tumor
AGCGACAGGAACGGTC-1,tumor
AGCGAGACGTGAAGGC-1,
AGCGATGCGCCTAATA-1,tumor
AGCGCATAATGAATCG-1,tumor
AGCGCTAGAGCGATGT-1,tumor
AGCGGACACTTCGTAG-1,tumor
AGCGGGTCTGACACTC-1,tumor
AGCGTGGTATTCTACT-1,tumor
AGCTAACAAGCAATGT-1,tumor
AGCTAAGTACGCAGGC-1,tumor
AGCTCCATATATGTTC-1,tumor
AGCTCCTTCGCACATC-1,tumor
AGCTCGTTGATGGAAA-1,tumor
AGCTCTAGACGTTCCA-1,tumor
AGCTCTTCGTAACCTT-1,tumor
AGCTCTTTACTCAGTT-1,tumor
AGCTGAAGTAAACCAA-1,
AGCTGTAACCTCAATC-1,tumor
AGCTTCTTCTCGAGCA-1,tumor
AGGAAGCTGTCCGCCG-1,tumor
AGGACAGTCGAATCCC-1,tumor
AGGACGACCCATTAGA-1,tumor
AGGACGCTCGATGTTG-1,
AGGAGACATCCACAGT-1,tumor
AGGAGAGTCTGGCTAC-1,tumor
AGGAGGCCTTCGCGCG-1,tumor
AGGATAAAGTCGGGAT-1,tumor
AGGATATAGGGATTTA-1,tumor
AGGATATCCGACTGCA-1,tumor
AGGATTGCTTACGACA-1,tumor
AGGCACGTGACTGTCC-1,tumor
AGGCAGGGAGCGTACT-1,tumor
AGGCATTGTCGTAGGG-1,tumor
AGGCCACATTGGTTAC-1,tumor
AGGCCTATCATACCAA-1,tumor
AGGCCTGAGAATCTCG-1,tumor
AGGCGATAACTGGCGT-1,tumor
AGGCTTCCCGAAGAAG-1,tumor
AGGGACAGCACGGCGG-1,
AGGGACCGGCTGCGTT-1,tumor
AGGGACTCTACGCGAC-1,tumor
AGGGAGACATACTTCG-1,tumor
AGGGCTGCAGTTACAG-1,tumor
AGGGTCAGAGCACTCG-1,tumor
AGGGTCGATGCGAACT-1,tumor
AGGGTGCCGTTCTTTA-1,tumor
AGGGTGCTCTCGAGGG-1,tumor
AGGGTTCAGACGGTCC-1,tumor
AGGGTTCCCTTTGGTT-1,
AGGGTTTAGTTCGGGA-1,
AGGTAGATCGAGATAT-1,tumor
AGGTATAATTGATAGT-1,tumor
AGGTATGCGGACATTA-1,tumor
AGGTCGCCTCCCAACA-1,
AGGTCGCGGAGTTACT-1,tumor
AGGTGGTGACCTTCGC-1,tumor
AGGTTACACCATGCCG-1,tumor
AGGTTTCACACACCTT-1,tumor
AGTACAGAAGCTTATA-1,tumor
AGTACATCATTTATCA-1,tumor
AGTACTCTTATGCCCA-1,tumor
AGTAGAAGGCGCCTCA-1,tumor
AGTAGGAAGGAAGTTG-1,
AGTATACACAGCGACA-1,tumor
AGTATGCTGGAGACCA-1,tumor
AGTATTTGGCACGACC-1,tumor
AGTCAAATGATGTGAT-1,tumor
AGTCAACACCACCATC-1,tumor
AGTCAAGATGACACTT-1,tumor
AGTCACTAGCTCTCGA-1,tumor
AGTCCAGCGGGTACGT-1,
AGTCCATTGGCTGATG-1,tumor
AGTCCCTCGCAGAAAG-1,tumor
AGTCGACGGTCTCAAG-1,tumor
AGTCGGTTGCGTGAGA-1,tumor
AGTCGTATAAAGCAGA-1,tumor
AGTCGTCGACCACCAA-1,tumor
AGTCGTGGGCATTACG-1,tumor
AGTCTAAAGTATACTC-1,tumor
AGTCTCACAAGACTAC-1,tumor
AGTCTTTAAAGTGTCC-1,tumor
AGTGAACAAACTTCTC-1,tumor
AGTGAAGATGGTGTCC-1,tumor
AGTGACCTACTTTACG-1,tumor
AGTGACTGTGACACAA-1,tumor
AGTGAGACTTCCAGTA-1,tumor
AGTGAGCCTCGCCGCC-1,tumor
AGTGAGTCGAATTAAC-1,tumor
AGTGATAACCTGCGCG-1,tumor
AGTGATATGAGTAGTT-1,tumor
AGTGATTCAAGCAGGA-1,tumor
AGTGCACGCTTAAGAA-1,tumor
AGTGCGTAGCTCGTAA-1,tumor
AGTGCTAAACACAGCA-1,tumor
AGTGCTTGCACGAATA-1,tumor
AGTGGCGTCTGAAGGT-1,tumor
AGTTAAACACTTGCGA-1,tumor
AGTTCCTACAGAATTA-1,
AGTTCCTATTTATGTT-1,tumor
AGTTGACGGTCCTTGC-1,tumor
AGTTGGCAAGGCTAGA-1,tumor
AGTTTATGTAAAGACA-1,tumor
AGTTTGCACCTGCCTC-1,tumor
AGTTTGGCACGGGTTG-1,tumor
AGTTTGGCCAGACCTA-1,tumor
ATAAACGGACCCGTAA-1,tumor
ATAAACGTTGCACCAC-1,tumor
ATAAAGGCTCGGTCGT-1,tumor
ATAACGCCGGAGGGTC-1,tumor
ATAACGTTACCTCCAC-1,
ATAAGGTGGAGAACAT-1,tumor
ATAAGTAGGATTCAGA-1,tumor
ATAAGTAGGGCGACTC-1,tumor
ATAAGTTACCGCGACG-1,tumor
ATAATAGCTGTTGAAT-1,tumor
ATAATCTTGGAGAACC-1,tumor
ATAATTAGCTAAGTAG-1,tumor
ATACAGGCCCTCCAAT-1,tumor
ATACCTAACCAAGAAA-1,tumor
ATACGAAGGCTTTCCA-1,tumor
ATACGCCGGCGAAACC-1,tumor
ATACGGGTTTCGATTG-1,
ATACGTACTTAGCCAC-1,tumor
ATACGTCCACTCCTGT-1,tumor
ATACGTTATGCACGGA-1,tumor
ATACTACCCGTACCAC-1,tumor
ATACTGCCTTACACCG-1,tumor
ATAGACGAAGAGAAAG-1,
ATAGCAACTAGGGAAG-1,tumor
ATAGGCGGCTATAGAA-1,tumor
ATAGGTTGGGCAGATG-1,
ATAGTGAAGCGTTCTC-1,tumor
ATAGTTCCACCCACTC-1,tumor
ATATAAAGCGCTCGTG-1,tumor
ATATAAATGTAGCTGC-1,tumor
ATATAACACGGGCGCA-1,tumor
ATATACGCTCGTGACG-1,tumor
ATATCAACCTACAGAG-1,tumor
ATATCGGTAGGGAGAT-1,tumor
ATATCGTTCCTCGAAC-1,tumor
ATATCTCCCTCGTTAA-1,
ATATCTTAGGGCCTTC-1,tumor
ATATGGGATAGCAACT-1,tumor
ATATGTCTAGAGCGTG-1,
ATATGTCTCCCTAGCC-1,tumor
ATATTCAGTTAAACCT-1,tumor
ATATTCCACATAGTGA-1,tumor
ATATTGGAGAGGCCTT-1,tumor
ATATTTAACCCTCAAG-1,
ATCAAACACTGTTCCA-1,tumor
ATCAAACGAAGGTTTG-1,tumor
ATCAAAGAGCCGTGGT-1,
ATCAAGATCCCAGGAC-1,tumor
ATCAATCTGGGCTGCA-1,
ATCACGTGCTAATTAA-1,tumor
ATCAGACGGCACGCCG-1,tumor
ATCAGCCTCATGCTGC-1,tumor
ATCAGGTAGCTGACAG-1,tumor
ATCATAGCCCTATGTA-1,tumor
ATCATCCAATATTTGT-1,tumor
ATCATGGACTACCGAC-1,tumor
ATCCACATCGACAGAA-1,tumor
ATCCAGAGCAACAACC-1,tumor
ATCCAGGATTCGTGAA-1,tumor
ATCCCATCCACAGCGC-1,
ATCCCATTTCCGTGGG-1,tumor
ATCCTACCTAAGCTCT-1,
ATCCTGAATCGCTGCG-1,
ATCCTGCGTGGAATGG-1,
ATCCTTCTGAAAGAAC-1,tumor
ATCGACCCAATACAGA-1,tumor
ATCGCCAGTCAACATT-1,tumor
ATCGCTGCGTGCAGCA-1,tumor
ATCGCTTTACGTCTCA-1,tumor
ATCGGAGACAGACGGC-1,tumor
ATCGGCAAGCAGTCCA-1,
ATCGTGGAAAGTCTGG-1,
ATCGTTAGCTAGCGGA-1,tumor
ATCTAATATCCTACGG-1,tumor
ATCTACCATCTGCTCC-1,tumor
ATCTAGCTTGTGAGGG-1,tumor
ATCTCCCACGGAATAT-1,tumor
ATCTCGTGAGCGAAAC-1,tumor
ATCTGACATGGAAGGA-1,tumor
ATCTGCACCTCTGCGA-1,tumor
ATCTGCTGTTATCGCC-1,tumor
ATCTGGGCTGTTCTTG-1,tumor
ATCTTATCGCACACCC-1,tumor
ATCTTGACTTGTCCAA-1,tumor
ATCTTTCGTATAACCA-1,tumor
ATGACGCGTTCTATCC-1,tumor
ATGACTATCAGCTGTG-1,tumor
ATGACTATGCGACATT-1,tumor
ATGAGGGCAGCGGCTA-1,tumor
ATGATGCAATGGTACA-1,tumor
ATGCACGCGCTGTTCA-1,
ATGCCATTTGCGACCA-1,tumor
ATGCGACAGTCCCATT-1,tumor
ATGCGAGTCCCACCAC-1,tumor
ATGCTCTGGCGCGGTA-1,tumor
ATGCTTAGGAGTTGAT-1,tumor
ATGGAACCTTTGCACA-1,tumor
ATGGAGCAGGCCGTGA-1,tumor
ATGGCAGCATTACGAT-1,
ATGGCGGAATAGTCGC-1,tumor
ATGGGACCTGCTGAAC-1,tumor
ATGGGCCTCGGCCTCT-1,tumor
ATGGGTGTATACCTCC-1,tumor
ATGGTATTGGGAACCG-1,tumor
ATGGTCGCGTGGTTTC-1,tumor
ATGTAAGGCTGCTCTT-1,tumor
ATGTACATGCGGTGAG-1,tumor
ATGTACGATGACGTCG-1,tumor
ATGTAGCGCGCGTAGG-1,tumor
ATGTGGACATCTTGAT-1,tumor
ATGTTGATTAGAGACT-1,tumor
ATGTTGTAGTCTGTTT-1,tumor
ATGTTTCGGCCCGGAG-1,tumor
ATTAAACATGCGGACC-1,tumor
ATTAATGAACCAGTCG-1,
ATTACATGTCAGTCTT-1,tumor
ATTACCACACTGCCTG-1,tumor
ATTACGACTCCACAGT-1,tumor
ATTAGATTCCTCAGCA-1,tumor
ATTAGGCGATGCTTTC-1,tumor
ATTATAGCTACTTTAC-1,tumor
ATTATCGGAATGTACG-1,tumor
ATTATTATGTCCGTCA-1,tumor
ATTATTCAGAGTCACT-1,tumor
ATTCAACCATTTAAGG-1,tumor
ATTCACTGATGTTGGA-1,tumor
ATTCATATACTGTCCA-1,tumor
ATTCATCGTTGAGGCA-1,tumor
ATTCGACGCCGGGCCT-1,
ATTCGCAGAGGACACT-1,tumor
ATTCGCGCCTTGAGAG-1,tumor
ATTCGTGCTATCTCTT-1,tumor
ATTGAAGATCTTAGTG-1,
ATTGATAGCAACGAGA-1,
ATTGATGAGTCCTAAC-1,tumor
ATTGCCTATTAGACCG-1,
ATTGCCTTTATGTTTG-1,tumor
ATTGCGATCAGTAACT-1,tumor
ATTGCTGCTCCTCCAT-1,tumor
ATTGGATTACAGCGTA-1,tumor
ATTGTACAACTCGGCT-1,tumor
ATTGTCTGTTTCATGT-1,tumor
ATTGTTCAACGATCCG-1,tumor
ATTTACTAAGTCCATT-1,tumor
ATTTATACTGGTAAAG-1,
ATTTCCGGGTTCTGCG-1,tumor
ATTTGCGCGAGTAGCT-1,tumor
ATTTGTCTTGGGAGCT-1,tumor
CAAACCCTCCGGCGGG-1,tumor
CAAACGAGTATCGCAG-1,tumor
CAAACTCGCGACGCCG-1,tumor
CAAAGATTATTGGGCC-1,tumor
CAAAGGTCATCTGAAA-1,tumor
CAAATGTCCTTCCGTG-1,tumor
CAAATTGGATTATGCC-1,tumor
CAACACATCTCCTGCC-1,tumor
CAACCAGTGGCCTACC-1,tumor
CAACCTACCGAGCAGT-1,tumor
CAACCTGAACCTGCCA-1,tumor
CAACGTGGTGGAGTCT-1,tumor
CAACTGCTCATCCGAT-1,tumor
CAAGACTCAGAAGCGC-1,tumor
CAAGAGGGCGGAGTAC-1,tumor
CAAGATATTATAACGT-1,tumor
CAAGCAACGTCGGAGT-1,
CAAGCGGCACATAATT-1,tumor
CAAGGATCGCATGTTC-1,tumor
CAAGGCCAGTGGTGCA-1,tumor
CAAGGTCCTATAGGCT-1,tumor
CAAGTAAGTGATAGAC-1,tumor
CAAGTGTGGTTGCAAA-1,tumor
CAATACGAGAGTCTGA-1,tumor
CAATATTCTTGACCTA-1,tumor
CAATGACCCTTAATTT-1,tumor
CAATGAGGTTCGACTA-1,tumor
CAATGCGAGAAGTATC-1,tumor
CAATGTGCCAACCCTT-1,tumor
CAATTAAGGGTGATGA-1,
CAATTTCGTATAAGGG-1,tumor
CACAATGAGCTGCTAT-1,
CACACACGCTAACGAG-1,tumor
CACACAGCTTGCGCTC-1,tumor
CACACGCGCTGTCTTA-1,tumor
CACAGAGACGAGGACG-1,
CACAGCACCCACGGCA-1,
CACAGGGCCATATAGT-1,tumor
CACAGGGCCGTTGTCA-1,tumor
CACAGTCCCGCTTCGC-1,tumor
CACAGTTCGCTTCCCA-1,tumor
CACATATTAGCAGGAT-1,tumor
CACATCGTGCACGCGC-1,tumor
CACATCTCACCGACGA-1,tumor
CACATGATTCAGCAAC-1,tumor
CACATTTCTTGTCAGA-1,tumor
CACCCAAATCTTATGT-1,tumor
CACCCACGAGGCAATT-1,
CACCCGGTTTGTGACT-1,tumor
CACCCTAACAAGATCT-1,tumor
CACCGGGCATCACAAG-1,tumor
CACCGTATCCCATCCG-1,tumor
CACCGTTAGGGATCAC-1,tumor
CACCTTGGCGCCTTTG-1,tumor
CACGAAAGTTAGTCCC-1,
CACGCACAGCGCAGCT-1,
CACGCAGCGAGGCTTT-1,
CACGCGGAACTGTTGC-1,tumor
CACGGACGTGGATGGC-1,tumor
CACGGCGCGCCAAAGG-1,
CACGTCAATCAATGGA-1,tumor
CACGTCGGCAACCTCT-1,tumor
CACGTTCGTGCTCTAG-1,tumor
CACGTTTCGTACACAC-1,tumor
CACTAAAGTTGCCTAT-1,tumor
CACTACGGGAGCTGCC-1,tumor
CACTCAAGAGCTATGG-1,tumor
CACTCCTATGTAAGAT-1,tumor
CACTCGAGCTGAACAA-1,tumor
CACTCTCAAGCATCGA-1,tumor
CACTCTTCTGCTAGCC-1,tumor
CACTGACGATTGTGGA-1,tumor
CACTTAATCAGACGGA-1,tumor
CACTTCGTCTTATCTC-1,
CAGAACTTAGCCCTCT-1,tumor
CAGAATAACACACGGA-1,tumor
CAGAATATTCGTTATC-1,tumor
CAGACACCGATCGCTG-1,tumor
CAGACCTGTAAGTGTT-1,tumor
CAGACGAACCTGATAC-1,tumor
CAGAGACGGTCACCCA-1,tumor
CAGAGCATGAGCTTGC-1,
CAGAGGCGATGCATGA-1,tumor
CAGATAATGGGCGGGT-1,tumor
CAGCAGCCCGTTCCTT-1,
CAGCAGTCCAGACTAT-1,tumor
CAGCAGTCTGTGCTGC-1,tumor
CAGCCTCCTGCAGAGG-1,
CAGCGATTCCCTTCAA-1,tumor
CAGCTCACTGAGACAT-1,
CAGCTCGACAAGTTAA-1,
CAGGACAGCTGCCCTT-1,blood_vessel
CAGGATATATCGTTGT-1,tumor
CAGGCAGTCTTACCAG-1,tumor
CAGGCCGTTTGGGTGT-1,tumor
CAGGCGCACGGTGGTC-1,tumor
CAGGCGCCATGCTAGG-1,tumor
CAGTAACTATTTATTG-1,
CAGTCGAGGATGCAAT-1,tumor
CAGTCTGTATACTGGG-1,tumor
CAGTGTCGGCTGGCCC-1,tumor
CAGTTCGAGGACCCGA-1,tumor
CATAACGGACAGTCGT-1,tumor
CATAAGAAGCTTGGCT-1,tumor
CATACACGGTTCCCAC-1,tumor
CATACGAACTAGCTGG-1,tumor
CATACGGCGTCTGGGC-1,tumor
CATACTATGTAATTGT-1,tumor
CATACTTAGGCAATAC-1,tumor
CATACTTCTTTCTCCG-1,tumor
CATAGAGGAGATACTA-1,tumor
CATAGCGTTGCCCACC-1,tumor
CATAGTCAAATACATA-1,tumor
CATAGTCCACAAGAAC-1,tumor
CATATAGGTACAGTCA-1,tumor
CATCATTACCCTGAGG-1,tumor
CATCCAATATAGTTTG-1,
CATCCTCTCAAAGATC-1,tumor
CATCGGACGGGTTAAT-1,tumor
CATCTAGTGAAGGGAA-1,tumor
CATCTATCCCGTGTCT-1,
CATCTTACACCACCTC-1,tumor
CATGACTTCGCTGAAT-1,tumor
CATGAGATGCACTCTC-1,tumor
CATGATGGAAGTTAGC-1,tumor
CATGCGACCAGTTTAA-1,tumor
CATGCGTTGAGAGGAG-1,tumor
CATGGATTGTCTTCCG-1,tumor
CATGGGTATGCCTTAT-1,tumor
CATGGGTCGGGTGTGG-1,
CATGGTAAGTAGCGTT-1,tumor
CATGGTTTATTAATCA-1,tumor
CATGTAAGAGACATTT-1,tumor
CATGTCTCATTTATGG-1,tumor
CATTACATAGATTGTG-1,tumor
CATTATCCCATTAACG-1,tumor
CATTCCCATTCCGTCG-1,tumor
CATTGATGAACACGCC-1,tumor
CATTGCGGGTCAATTC-1,tumor
CATTTGAGTGGTACGT-1,tumor
CCAAATAACAAGATTC-1,tumor
CCAACCTTATGTAACT-1,tumor
CCAACTTGATAGATCC-1,tumor
CCAAGAAAGTGGGCGA-1,tumor
CCAAGACTTCTGCGAA-1,
CCAATAGTGCCGTCGA-1,tumor
CCAATCGGTAGATCGA-1,
CCAATGTCACAGCAAG-1,tumor
CCAATTACGGGTCGAG-1,
CCAATTGAATGTTAAT-1,
CCACACTGAGATATTA-1,tumor
CCACAGTACCCATCCT-1,tumor
CCACATACTGCACCCA-1,tumor
CCACCAACTTTACTGT-1,tumor
CCACCCAAGGAAAGTG-1,tumor
CCACGAATTTAACCTC-1,tumor
CCACGGTGCCCGGTAG-1,tumor
CCACGTAAATTAGACT-1,tumor
CCACTATCCGGGTCAC-1,tumor
CCACTCAGATCCGCAA-1,tumor
CCACTGTTTGGATTAA-1,tumor
CCAGAAAGCAACTCAT-1,tumor
CCAGATGTAAATGGGT-1,tumor
CCAGCCTGGACCAATA-1,tumor
CCAGCGGGATCACCAG-1,tumor
CCAGCTCGAACGCATT-1,tumor
CCAGGCTGGCGTCTGA-1,tumor
CCAGTCCATTATTCGA-1,
CCAGTCTTGTCATAGA-1,tumor
CCAGTTCGGTAACTCA-1,tumor
CCATACCTTTACTTGT-1,tumor
CCATAGGTTGGCGTGG-1,
CCATATGGAAACTATA-1,tumor
CCATCGCAGTTAAACT-1,tumor
CCATCTCACCAGTGAA-1,tumor
CCATGCCCTAGATTTC-1,tumor
CCATGCCTGTTTAGTA-1,tumor
CCATGTTCATCTATAT-1,
CCATTAGCGATAATCC-1,DCIS
CCATTCCCTGCCCACA-1,DCIS
CCATTGTTTCCTCCAT-1,tumor
CCATTTCTACCTATTA-1,tumor
CCCAAACATGCTGCTC-1,tumor
CCCAACATACGTCGCG-1,tumor
CCCAAGTCATTACACT-1,tumor
CCCAATGAGATTTGCA-1,tumor
CCCAATTTCACAACTT-1,tumor
CCCAGGAAGAATTCGA-1,tumor
CCCAGGTCTGAAGGCT-1,tumor
CCCAGTTAAGGCGCCG-1,tumor
CCCGAGTTTCTCCGTA-1,tumor
CCCGATAGCCTCGCCT-1,tumor
CCCGCAGCGCGAACTA-1,tumor
CCCGGGTCGTTCAGGG-1,tumor
CCCGTAGCTGGGAAGA-1,tumor
CCCGTTTCGCAGATGT-1,tumor
CCCTACTTGAACAATG-1,tumor
CCCTAGTGTCAGGTGT-1,
CCCTATGTAGAGCAGA-1,
CCCTCCTCGCTCGTAT-1,tumor
CCCTCGATAATACACA-1,
CCCTGAAATGAGTTGA-1,
CCCTGATGTAACTCGT-1,
CCCTTTAATGGAGTTC-1,tumor
CCCTTTGACAGGTCTT-1,tumor
CCGAACCTTCCCGGCC-1,tumor
CCGAAGGGCGTACCGC-1,tumor
CCGACAAACACATGAG-1,
CCGACAATAGGCCGCC-1,tumor
CCGAGAAGTCGCATAA-1,tumor
CCGATATGACGTAAGG-1,tumor
CCGATCTCAACCTTAT-1,tumor
CCGCACAAAGACCAAC-1,tumor
CCGCACACGAACGTGT-1,tumor
CCGCACTTGCAATGAC-1,tumor
CCGCATGTGGTACGAT-1,tumor
CCGCCGGAACTTCTCG-1,
CCGCCGTTGAGGATAA-1,tumor
CCGCGGAATGCGTCAC-1,tumor
CCGCTATCAGCACCAG-1,tumor
CCGCTCCAGGGCGATC-1,tumor
CCGCTCTTCCGAACTA-1,tumor
CCGCTTACCTCACTCT-1,tumor
CCGCTTGCTGACATGG-1,tumor
CCGGAAGTTATCAGTC-1,tumor
CCGGAGCGTACTTTCT-1,tumor
CCGGAGGTCTTATGGT-1,tumor
CCGGCACGACCGTTTC-1,tumor
CCGGGCTGCTCCATAC-1,tumor
CCGGGTTCGAGGTTAC-1,tumor
CCGGTAATGGCTAGTC-1,tumor
CCGGTTTGTAATTGTG-1,tumor
CCGTAAGTTGGTCCCA-1,tumor
CCGTAGGAAATCCCTG-1,tumor
CCGTAGGGTTGTTTAC-1,tumor
CCGTGAGGCATTCATG-1,tumor
CCGTGCCCATGACGGC-1,
CCGTGGAACGATCCAA-1,tumor
CCGTGTTAAATTCCAT-1,tumor
CCGTTACGTTAGAACA-1,
CCGTTCCGAATCTCGG-1,
CCTAAATTAACGGTTC-1,tumor
CCTAAATTGTATCCTA-1,tumor
CCTAACCCAAACAAGT-1,tumor
CCTACATTCACAGACG-1,tumor
CCTACTGCGGCGGCCA-1,tumor
CCTAGGCGTAGCGATC-1,tumor
CCTATAATGAGTGCCC-1,tumor
CCTATACCGTCCTGTC-1,tumor
CCTATATTTGTCCTGG-1,tumor
CCTATGAAGTGGTGCC-1,tumor
CCTATGGCTCCTAGTG-1,
CCTATGGTCAAAGCTG-1,tumor
CCTATGTCCACTCCAC-1,tumor
CCTCACCTGAGGGAGC-1,tumor
CCTCACCTTAGCATCG-1,tumor
CCTCCTGTTGTGTCGT-1,tumor
CCTCGCGCTGTGCGAT-1,tumor
CCTCGGACCGGGATAG-1,tumor
CCTCGGTTTCCTTGCC-1,tumor
CCTCTAATCTGCCAAG-1,
CCTCTACAAGGATTGG-1,tumor
CCTCTCTCCCATCTAG-1,
CCTCTGTACTATTCTA-1,tumor
CCTGAACGATATATTC-1,tumor
CCTGACCACCGATGGT-1,tumor
CCTGAGAATAAATGCA-1,
CCTGGAAACGTTCTGC-1,tumor
CCTGGTCGAATGTGGG-1,tumor
CCTGTAAGACATGATA-1,tumor
CCTGTCCCTCACGTTA-1,tumor
CCTGTCGCCCGTAAAT-1,tumor
CCTGTTCAACCTCGGG-1,tumor
CCTGTTTGAAGACACG-1,tumor
CCTTCAGTTAAAGTGA-1,tumor
CCTTCGTATAGAATCC-1,tumor
CCTTGACCACTTTATT-1,tumor
CCTTGTGAACGTGGTT-1,tumor
CCTTTAAGGGAGCACT-1,tumor
CGAAACGCAATTCATG-1,tumor
CGAACAGTATGGGCGT-1,tumor
CGAACCCGCATGCGTC-1,tumor
CGAAGATCAGTTTCAT-1,
CGAAGTTGCTCTGTGT-1,
CGAATCTGCTCGACGC-1,
CGAATGAAGTCATTGC-1,
CGAATGACGCATAATG-1,tumor
CGACAATTTGATCTAA-1,tumor
CGACACGCTCCGACAG-1,tumor
CGACAGTTCGCGTTAT-1,tumor
CGACTTTGTATAGCCT-1,tumor
CGAGACCCTAGAGTGT-1,tumor
CGAGACTACTGCTGCT-1,
CGAGAGCTTTCACTAC-1,tumor
CGAGAGGGTAGCCGCG-1,tumor
CGAGATGTTGCCTATA-1,
CGAGATTTCGCTCGGG-1,tumor
CGAGGAGCTTCCATAT-1,tumor
CGAGGATCGGGAACGA-1,tumor
CGAGGGACTGCGGTCG-1,tumor
CGAGGGTATCCAGGTG-1,tumor
CGAGTACTAAAGAGGA-1,tumor
CGAGTGAAGGTACCAG-1,tumor
CGAGTTTATCGGACTG-1,tumor
CGATAATACTCAGGTT-1,tumor
CGATACCTCGCGGACA-1,tumor
CGATAGTCGTACTGCA-1,tumor
CGATCCACCATTGTTG-1,tumor
CGATCCGACCCAGTGC-1,tumor
CGATCCTCGCAACATA-1,tumor
CGATCGAGAAGCACCA-1,tumor
CGATGTTGTTATCTAC-1,
CGATTAAATATCTCCT-1,tumor
CGATTCGCCTGGCTGC-1,tumor
CGCACATGTCCACTAC-1,tumor
CGCACGTCTGTTTATG-1,tumor
CGCACGTGCGCTATCA-1,tumor
CGCAGATCTTCACCCG-1,tumor
CGCAGGCGATCCAAAC-1,tumor
CGCATCCATCAGCCAG-1,tumor
CGCATGCCGAATGCGT-1,tumor
CGCATGGTGCGATGCT-1,tumor
CGCCCAGCACGCCTAG-1,tumor
CGCCCAGCGTTTCACG-1,tumor
CGCCGCCCATGCCTGT-1,tumor
CGCCGCGTTCTGAACG-1,tumor
CGCCGTCTACCCATCG-1,tumor
CGCCGTTCAGCATAGT-1,tumor
CGCCTCCCTCCTCTAT-1,tumor
CGCCTTTAGCATGCTC-1,tumor
CGCGAAGTGGCATACT-1,tumor
CGCGACCGCGACAGAT-1,tumor
CGCGCATGTTTGATTG-1,tumor
CGCGCCCGACTTAATA-1,
CGCGGCTCAACTTGAA-1,tumor
CGCGGGAATTCCTTTC-1,tumor
CGCGGTAAGTCTAGCT-1,tumor
CGCGGTACGGTATACA-1,tumor
CGCTACGGGACATTTA-1,tumor
CGCTAGAGACCGCTGC-1,tumor
CGCTATTCTTAGGCTC-1,tumor
CGCTCTCCGTAGATTA-1,
CGCTGGTGACTACCCT-1,tumor
CGCTGTGTGGATGTTG-1,tumor
CGCTTAGTATTGATAC-1,tumor
CGCTTATTCCCGGTCG-1,tumor
CGCTTCGGTCTAAGAC-1,tumor
CGCTTGGACGGATAGA-1,tumor
CGCTTTCCGCCAAGGT-1,tumor
CGCTTTCTTGCATTCG-1,
CGGAAAGAATCAAACG-1,tumor
CGGAACGTAAACATAG-1,
CGGACCTTTACGTCCC-1,tumor
CGGAGCAATTTAATCG-1,tumor
CGGAGCATGGCGATCC-1,tumor
CGGATCCTCAAGGACT-1,tumor
CGGCAAACATCGTGCG-1,tumor
CGGCAATAAGATCGCC-1,tumor
CGGCAGGGTCGGGTTG-1,tumor
CGGCCACGCACAAAGT-1,
CGGCCAGAGCGACCAT-1,tumor
CGGCCCAACCTGTAGT-1,tumor
CGGCCCAGGTATATCC-1,tumor
CGGCGCCATCAATCCC-1,tumor
CGGCTCTAAAGCTGCA-1,tumor
CGGGAATATAGTATAC-1,tumor
CGGGAATTTATGTAAA-1,tumor
CGGGAGCTTCAGTGTA-1,tumor
CGGGCAGCTAAACCGC-1,
CGGGCCTTCTTTGTAA-1,tumor
CGGGCGATGGATCACG-1,tumor
CGGGTTTGTTAGGGCT-1,tumor
CGGTACTAGAATCAAA-1,tumor
CGGTATGGGCACTCTG-1,
CGGTCAGTCCATATTT-1,
CGGTCCGTCGCAAGCC-1,tumor
CGGTGCAGATAGAACG-1,tumor
CGGTGCGCGTTGGTCC-1,tumor
CGGTTATCCAACAGTG-1,tumor
CGGTTCAAGTAGGTGT-1,
CGGTTGACCTGGCATA-1,tumor
CGGTTGAGTATCCTTC-1,tumor
CGGTTGGGCAGGGTCC-1,tumor
CGTAAAGCAAGAAATC-1,
CGTAAATAACAAAGGG-1,
CGTAACTTCGACACTT-1,tumor
CGTAGAGAGTAATTAT-1,tumor
CGTATTAAGAGATCTA-1,
CGTATTGTTTCCTAAT-1,tumor
CGTCAAATGGTCGCAG-1,tumor
CGTCACGTCCATTGGT-1,tumor
CGTCGCATGTGAGCCA-1,tumor
CGTCGCTTGGTTATAC-1,tumor
CGTCGGATAGTGTTGA-1,tumor
CGTCGTCCTTCGCGAA-1,tumor
CGTCTTGAGTGTGACG-1,tumor
CGTGAAGTTAATTCAC-1,tumor
CGTGACCAGTCCTCTG-1,tumor
CGTGCACACCACTGTA-1,tumor
CGTGCAGACTGGGACA-1,tumor
CGTGCATTGTCGACGC-1,tumor
CGTGCCCTCCCGAAGA-1,tumor
CGTGCTGGCCTAGTCG-1,
CGTGCTTCTACCTAAA-1,tumor
CGTGGAAGCCTCGTAC-1,tumor
CGTGGCCGAATATCTA-1,tumor
CGTGGTACCCAAAGGC-1,tumor
CGTGTATGGGAGCTGA-1,tumor
CGTGTCTCGTTACGAC-1,tumor
CGTGTGTTAAACCCTG-1,tumor
CGTTAAACTAGTTAGG-1,tumor
CGTTAATGTCCCGACG-1,tumor
CGTTCAAGGAAACGGA-1,tumor
CGTTCAGACCCGCGAA-1,tumor
CGTTGAATACCGCGCT-1,tumor
CGTTGAGCGACCGTCG-1,tumor
CGTTGCCCGCGTGGGA-1,tumor
CGTTGTAAGATTGATT-1,tumor
CGTTGTCGGCAATTGA-1,tumor
CGTTGTTTCAATTCCC-1,tumor
CGTTTCGCTCATTACA-1,tumor
CGTTTGGTGTTGTGGG-1,
CGTTTGTGTAGAGGGT-1,tumor
CTAAAGAATGCCTACT-1,tumor
CTAAAGGGAAATAGGA-1,tumor
CTAAATCCGGTGTACA-1,tumor
CTAACCGCGCGCCCGT-1,tumor
CTAACGAAACTTGCTG-1,tumor
CTAACTGATAATCGCC-1,tumor
CTAACTGGTCCGGTTC-1,tumor
CTAAGGGAATGATTGG-1,tumor
CTAATTCTCAGATATT-1,tumor
CTACAAGAAATAACCC-1,tumor
CTACACTCGCAGATGG-1,tumor
CTACCCTAAGGTCATA-1,tumor
CTACGACTAGCTATAA-1,
CTACGCACGGAGTACC-1,
CTACTATCTTTCAGAG-1,tumor
CTACTCAAGGTATAGT-1,tumor
CTAGATGTGAGTGTAA-1,tumor
CTAGATTTACGACGGC-1,tumor
CTAGCATAGTATAATG-1,tumor
CTAGCCACAGGCGAGC-1,tumor
CTAGCCGATGTTATGA-1,tumor
CTAGCTTAATGGTCCC-1,tumor
CTAGGCGCCCTATCAG-1,tumor
CTAGGGATAGGGACAA-1,tumor
CTAGGTCTGAAGGAAT-1,tumor
CTAGGTTCGGACGTGA-1,tumor
CTAGTAGAAAGGGATT-1,tumor
CTAGTCACGTCTTAAG-1,tumor
CTAGTGAAGGACAGGA-1,tumor
CTAGTTACAACCCGGT-1,tumor
CTAGTTGGGCCCGGTA-1,
CTATAAGAGCCAATCG-1,tumor
CTATAGGCGTTGATGT-1,tumor
CTATATCCAGCCTGGC-1,tumor
CTATCACAACGCTGGA-1,tumor
CTATCGACGAAATACA-1,tumor
CTATCGCGTAGAGAAC-1,tumor
CTATCGGGTCTCAACA-1,tumor
CTATGCCCGAATGCAA-1,tumor
CTATGGGAAGCGGAAT-1,tumor
CTATTCATGTGTCCCA-1,tumor
CTATTTGCTTGGAGGA-1,tumor
CTATTTGGTTACGGAT-1,tumor
CTCAAACCACTGCCCG-1,tumor
CTCAACTAACCCGGAT-1,tumor
CTCAAGACATTAGCGC-1,
CTCACACGCAAGCCTA-1,tumor
CTCACATTTACTAAAT-1,tumor
CTCACTGTGATACTTA-1,tumor
CTCAGAGCTAATGTCG-1,tumor
CTCAGTCACGACAAAT-1,
CTCATCACTTAGTGAT-1,tumor
CTCATTAACGTTGCCC-1,tumor
CTCATTGCTCTAACAA-1,tumor
CTCCCAATGAGTCGCG-1,tumor
CTCCGCCCACATGAGG-1,tumor
CTCCTCCAGCTCACAC-1,tumor
CTCCTGTTCAAGGCAG-1,tumor
CTCGAGGTCGAACAGT-1,
CTCGCATTGCATAGCC-1,
CTCGCCGAATGTAGGG-1,tumor
CTCGCTAGGTAAGCGA-1,tumor
CTCGGGATAACACCTA-1,tumor
CTCGGGTTCTCTGGCC-1,tumor
CTCGGTACCACTGCTC-1,tumor
CTCGGTTGTCGGCCCT-1,
CTCGTCTGTGCCTTCG-1,tumor
CTCGTGGCACTGAAAG-1,
CTCGTTACGGCTACCA-1,tumor
CTCTAATGCATTGATC-1,tumor
CTCTACACTGGCGATT-1,
CTCTACATCCTGCGTG-1,tumor
CTCTAGCCCTCGGAAA-1,tumor
CTCTATTTGGCTGCAG-1,tumor
CTCTGGACGCCTGGTG-1,
CTCTTCTATTGACTGG-1,tumor
CTCTTCTGGAAGTTAG-1,tumor
CTCTTGTCCCGCTTGG-1,tumor
CTGAATCCGAGACCTC-1,tumor
CTGACATAGAAATAGA-1,tumor
CTGACTGCGCAGCTCG-1,tumor
CTGAGAAAGTTCGGCG-1,tumor
CTGAGCGAGACTTATT-1,tumor
CTGCAAGCACGTTCCG-1,tumor
CTGCACAACTACATAT-1,tumor
CTGCACCTAGTCCACA-1,tumor
CTGCACTCCAGTACAG-1,tumor
CTGCAGAGAATCAGAG-1,tumor
CTGCCATGCATCACAT-1,tumor
CTGCCTCATATGCAAC-1,tumor
CTGCCTTTAATACCTT-1,tumor
CTGCCTTTCTAGTAAA-1,tumor
CTGCGACCTCGCCGAA-1,tumor
CTGCGATTTCGAGATT-1,tumor
CTGCTCTGACGGCAAA-1,
CTGCTGAGGCCACGAA-1,tumor
CTGCTGTCTAACGAGC-1,tumor
CTGCTTGGCGATAGCT-1,tumor
CTGGAAATGGATGCTT-1,
CTGGAAGACACGGTGG-1,tumor
CTGGATTTACACTTGA-1,tumor
CTGGCGCACAGGTCTG-1,tumor
CTGGCTGATTCATCCT-1,tumor
CTGGCTGGTTGTCAGT-1,tumor
CTGGGATAAATAATGG-1,tumor
CTGGGATACGCTACCC-1,tumor
CTGGGCCTGCTATATC-1,tumor
CTGGGTAGGCAGTTAA-1,tumor
CTGGTAAAGACTTACA-1,tumor
CTGGTAAAGTGTGGGC-1,tumor
CTGGTAACACATAGAA-1,tumor
CTGGTAACGAGCTCTT-1,tumor
CTGGTGAATGGGCCTA-1,
CTGGTTCGCGAGCTAC-1,tumor
CTGGTTTCGAGCAAGA-1,tumor
CTGTACTTCTTAGCAT-1,
CTGTAGCCATCTCACT-1,tumor
CTGTAGTGAGGATCGA-1,tumor
CTGTCAAATGGCTCGG-1,
CTGTGCAGGGTAGGTC-1,tumor
CTGTGGTCGGGAGATA-1,tumor
CTGTTACCCAATCTAG-1,tumor
CTGTTGTTCAGTCGTA-1,
CTTAATCGACTTAGTA-1,
CTTACACGGTATTCCA-1,
CTTACATAGATTTCTT-1,tumor
CTTAGATGTTTCATCC-1,
CTTAGCCTTCCACATG-1,
CTTAGGTATAGACCAG-1,
CTTAGGTCCCAATCGT-1,tumor
CTTAGTAGGCCTACAG-1,tumor
CTTAGTGTAGTAGCAT-1,tumor
CTTAGTTGAGGAATCG-1,tumor
CTTATAGATGGCTGTT-1,tumor
CTTCAACTCCACTTGG-1,tumor
CTTCATTGTCAGTGGA-1,tumor
CTTCCGCTCCGTGAAG-1,tumor
CTTCGATTGCGCAAGC-1,tumor
CTTCGGCCAATTGTTT-1,tumor
CTTCGTAGATAGGTGA-1,tumor
CTTCTATTAATGCTAG-1,tumor
CTTCTGGGCGTACCTA-1,tumor
CTTGAGTTAGGGTAAT-1,tumor
CTTGATGACCATCCAG-1,tumor
CTTGCCCACCCACGCA-1,tumor
CTTGCCCAGGCTCTAC-1,tumor
CTTGGCCAAGCTGGGA-1,tumor
CTTGTCAACATTCGAG-1,tumor
CTTGTTGCTGAGTCAA-1,tumor
CTTTAATATTGGTCGA-1,tumor
CTTTACCGAATAGTAG-1,tumor
CTTTAGGAACACTGTT-1,tumor
CTTTAGTGCTATTATT-1,tumor
CTTTCTGTGCGGGCTT-1,tumor
CTTTGCATCGCTCTTG-1,tumor
CTTTGCTGTCATGGAT-1,tumor
CTTTGGCTTTAGTAAA-1,DCIS
CTTTGGGATTGTTGCA-1,tumor
GAAACAGATGACCACC-1,tumor
GAAACCATGGTGCGCT-1,tumor
GAAACCGAATTACCTT-1,tumor
GAAACCTATACAAATG-1,tumor
GAAAGAACAGCGTTAT-1,tumor
GAAAGCAGTGCACTTT-1,tumor
GAAATGGCGGTGTTAG-1,
GAAATTAGCACGGATA-1,
GAAATTGTCTCTATAA-1,tumor
GAACAACTGGGATGAA-1,tumor
GAACAGATTACTAAAT-1,tumor
GAACCCTCTGTGTTCT-1,tumor
GAACCTTTAACGATCC-1,tumor
GAACGATAAGTTAAAG-1,tumor
GAACGCGGGTCACACG-1,tumor
GAACGTCTCATGGTCG-1,
GAACTGTGGAGAGACA-1,tumor
GAACTTGTGCACGGGA-1,tumor
GAAGAAACGATATTGT-1,tumor
GAAGCCACTGATTATG-1,tumor
GAAGCCTGCACATTCC-1,tumor
GAAGCGTGAGGAATTT-1,
GAAGGAGTCGAGTGCG-1,tumor
GAAGGCTACCATTGTT-1,tumor
GAAGGGTCATTAAGAC-1,tumor
GAAGTCAGTTGCACTA-1,tumor
GAAGTCTCCCTAGCGA-1,tumor
GAAGTGATTTATCGTG-1,tumor
GAAGTTTCCACTCAAT-1,tumor
GAATAGACGCGACCCA-1,tumor
GAATAGCATTTAGGGT-1,tumor
GAATAGTGCTCGATTA-1,tumor
GAATCTGAACATTCTC-1,tumor
GAATGCGAATCGGTTC-1,tumor
GAATGTGGTCCGGATT-1,tumor
GAATGTTGGGTAATCT-1,
GAATTATAGTGAAAGG-1,tumor
GAATTCACCCGGGTGT-1,tumor
GACAAACATATGCAGG-1,tumor
GACAAGAGATGAGATT-1,tumor
GACACTGAGTTCAGTG-1,tumor
GACACTGGAACCCGAT-1,tumor
GACACTTCCAATTACC-1,tumor
GACAGCCAGACCTGAC-1,tumor
GACATCCGTCGAACTG-1,tumor
GACATCGATTTATAAC-1,tumor
GACCAAACGTTGACTG-1,tumor
GACCACACTTCCCTTT-1,tumor
GACCAGAGCCCTGTAG-1,
GACCGACGTGAAAGCA-1,tumor
GACCGCGTCTGACGTG-1,tumor
GACCGTGCTGACGGTG-1,
GACCTTCCACGTCTAC-1,tumor
GACGACGATCCGCGTT-1,tumor
GACGAGGCTAATAAAC-1,tumor
GACGCCGTAAAGGCTA-1,tumor
GACGCTTGCTTCTAAA-1,tumor
GACGGGTTGGCCCGTA-1,tumor
GACGGTCAATAGAAGC-1,tumor
GACGGTCCTAGGGTGT-1,tumor
GACGTTCGTAAATACA-1,tumor
GACTAGGCCGTTAGGT-1,tumor
GACTCACCCACGTGAG-1,tumor
GACTCCCAGAATAAGG-1,tumor
GACTCTAGAGTTCCAA-1,tumor
GACTGCAAATCGAGCT-1,tumor
GACTGCACCAGCCCAG-1,tumor
GACTGCTGGTGAGAAA-1,tumor
GAGAACGGTTCTGACT-1,tumor
GAGACTTCGCGACCGA-1,tumor
GAGAGGGCGCGAGGTT-1,tumor
GAGAGTCTCGGGAGAG-1,tumor
GAGATCTGCTTGGCAT-1,tumor
GAGATCTTCCATGACA-1,tumor
GAGATGACAATCCTTA-1,tumor
GAGATGGCTTTAATCA-1,tumor
GAGATGGGAGTCGACA-1,tumor
GAGCACCTGTGTCCAG-1,tumor
GAGCACGGCGCCTCTT-1,tumor
GAGCATCAACAACTTG-1,tumor
GAGCCAGCTACCTGTG-1,tumor
GAGCGCAAATACTCCG-1,tumor
GAGCGCGCACGAGTAG-1,tumor
GAGCGGAATGCGGTGT-1,tumor
GAGCTCAACATGAGCG-1,
GAGGAATATCTCTTTG-1,tumor
GAGGATAAACAGTGCT-1,tumor
GAGGCCTGTTGATACA-1,tumor
GAGGGAGTCAGATCGC-1,tumor
GAGGGCCATAATATTA-1,tumor
GAGGGTAGTAACAAAG-1,tumor
GAGGTACGCGTGTCCC-1,tumor
GAGTAAACCGGAAAGT-1,tumor
GAGTAGATACTAGTTG-1,tumor
GAGTATACCCTAATCA-1,
GAGTATCAAAGTTACA-1,tumor
GAGTATGCCCGCCTTG-1,tumor
GAGTATGCGCGTGCAT-1,tumor
GAGTCAGACCAGAATC-1,tumor
GAGTCCGCTTACCGGA-1,tumor
GAGTGCACGGACAACA-1,tumor
GAGTGTCAACCAGAAA-1,tumor
GAGTGTGCGGTACCCA-1,tumor
GATAACTCGCACTGTG-1,tumor
GATACCGTGTCGGAGT-1,tumor
GATACGATGGGAGTCA-1,tumor
GATAGAACCCGCTAGG-1,tumor
GATAGGATTAATTACA-1,tumor
GATAGGTAACGTTGAC-1,tumor
GATAGGTGTCCCGGGC-1,tumor
GATAGTGCGAGTAAGT-1,tumor
GATATGAGACACTAAC-1,tumor
GATATGCGGTAGCCAA-1,
GATATTGAGATTGGCG-1,tumor
GATCAACATAAAGGGA-1,tumor
GATCATTCCAAACATT-1,
GATCCGAATATAAGTG-1,tumor
GATCCGGGAATTAACA-1,tumor
GATCCTAAATCGGGAC-1,
GATCCTCGACACTGGC-1,tumor
GATCGCGGGCTCTCCA-1,tumor
GATCGCTACCCGATTT-1,tumor
GATCGCTATATCTCAG-1,tumor
GATCGTGACTGATATC-1,tumor
GATCTCGACGCTGTGG-1,tumor
GATCTGCTATCTAAGG-1,tumor
GATCTTGGAGGGCATA-1,tumor
GATCTTTGCAGGGTAT-1,tumor
GATGACAAGTAGGGCA-1,tumor
GATGAGGAACCTTCGG-1,tumor
GATGCCTTCTGCGGCA-1,
GATGCGTCCTGCATTC-1,
GATGCTACCTTCGATG-1,tumor
GATGCTGTATTTCATC-1,tumor
GATGTCCGGATCACAT-1,
GATGTTCAATCCACGA-1,tumor
GATTAACCGAAAGCCC-1,tumor
GATTACTGAATTTGGG-1,tumor
GATTCGACGGTTCACG-1,tumor
GATTCTGTTAATGAGT-1,tumor
GATTGCTCCAGTTGCA-1,tumor
GATTGGGAAAGGTTGT-1,tumor
GATTTAGTGCGTACTG-1,tumor
GATTTGCGCTAACACC-1,
GCAAACCCTACATTAT-1,tumor
GCAAACCTTGGCCATA-1,tumor
GCAAACGTCGCCAGGT-1,tumor
GCAAAGGGCGTTAGCC-1,
GCAAATATTACGCTTT-1,tumor
GCAACAGCAGTATGCG-1,tumor
GCAACGGCTAGTTATG-1,tumor
GCAAGAATTCCTTGGC-1,tumor
GCAAGTGTAAAGCATG-1,tumor
GCAATTAGTCGCACCG-1,tumor
GCACAAACCCTAGATG-1,
GCACAAACGAGGCGTG-1,tumor
GCACACACTGGTAGCC-1,tumor
GCACACAGCTATTACC-1,tumor
GCACAGCACGGGCCGA-1,tumor
GCACGCCGATTCCCGC-1,tumor
GCACGCCTACTTAGAT-1,tumor
GCACGTGGTTTACTTA-1,tumor
GCACTGCCTACCTTTA-1,tumor
GCAGAAGGTAATCTCC-1,tumor
GCAGACCCAGCACGTA-1,tumor
GCAGATCCATAAGACT-1,tumor
GCAGATTAGGGATATC-1,tumor
GCAGCACACAGCCCAG-1,tumor
GCAGCCTATATCACAT-1,tumor
GCAGCTGTCAACGCAT-1,tumor
GCAGGAACTTAGATCT-1,tumor
GCAGGACTATAGAATA-1,tumor
GCAGGTAGAGTATGGT-1,
GCAGTGCGGGCGGATG-1,
GCAGTGTGGCTATAGG-1,tumor
GCAGTTCGATCCGAGC-1,tumor
GCATAGAGCACTCAGG-1,tumor
GCATCGGCCGTGTAGG-1,tumor
GCATGAGGGACGCGGC-1,tumor
GCATGCTAATAACGAT-1,tumor
GCATTCAAGGCAACGC-1,tumor
GCATTGTAATTCATAT-1,
GCATTTCCAAGGCTCC-1,tumor
GCCAACCATTTCCGGA-1,tumor
GCCAATAGGGCATCTC-1,tumor
GCCACAATTTAAGGAC-1,tumor
GCCACTCAGAGCGCGA-1,tumor
GCCACTCCTTACGGTA-1,tumor
GCCAGGAAAGAACACT-1,
GCCAGGAGTAACCGAT-1,
GCCATCGAGCTGCGTG-1,tumor
GCCATCGATGCTGCAT-1,tumor
GCCCAGATGCTGGAGA-1,tumor
GCCCGATCTGTGGTCG-1,tumor
GCCCGCGCGTAAACGG-1,tumor
GCCCTGAGGATGGGCT-1,tumor
GCCGAAATTCCTACGT-1,tumor
GCCGACCCACGACTGC-1,tumor
GCCGATTGGCCAAGCT-1,tumor
GCCGCACTCCGTTTCA-1,tumor
GCCGCTTGTGAGAAAC-1,tumor
GCCGGGTTAGGGTCGC-1,tumor
GCCGGTCGTATCTCTC-1,tumor
GCCGTCGGTTTCGGGC-1,tumor
GCCGTGGAAGAAATGT-1,tumor
GCCTACGTTCTGTGCA-1,tumor
GCCTATAGTGTCAGGG-1,tumor
GCCTATCAGGTAAGAT-1,
GCCTCATCTGGAAATA-1,tumor
GCCTCCGACAATTCAC-1,tumor
GCCTCTATACATAGCA-1,tumor
GCCTGTCCCGGTGCAT-1,tumor
GCGAAACGATCGGGAG-1,tumor
GCGAAACTTAACTGGA-1,tumor
GCGAAGAATCTGACGG-1,tumor
GCGAAGCCATACCCGT-1,
GCGAATGGACTAGCGA-1,
GCGACATGTAAACATC-1,tumor
GCGACCCAACCATCTG-1,tumor
GCGACGATAGTTGTAC-1,tumor
GCGACGGTAGTCTCCT-1,
GCGAGAGGCCATGTAA-1,tumor
GCGAGAGTTGCGTCCA-1,tumor
GCGAGCGCATGCTCCC-1,tumor
GCGAGGCCCGAGCAGA-1,tumor
GCGAGTTCTGCAAAGA-1,tumor
GCGATTGTTAACGTTA-1,tumor
GCGCAAATATATTCAA-1,tumor
GCGCAAGAGCGCGCTG-1,tumor
GCGCATCCAGTCAGCA-1,tumor
GCGCCGTTCCACGATA-1,tumor
GCGCCTCCCACTCCGA-1,tumor
GCGCGGTCTAGTAACT-1,tumor
GCGCGTCATTGGTACA-1,tumor
GCGCTAATTGAATAGA-1,tumor
GCGCTATGCCGAGGCA-1,tumor
GCGCTCGATCACCTGT-1,tumor
GCGCTTAAATAATTGG-1,tumor
GCGGACCGCGTTGTGG-1,tumor
GCGGAGAAACTTCGCA-1,tumor
GCGGAGAGGGAGAACG-1,tumor
GCGGCAAAGTATTGCC-1,tumor
GCGGCTCTGACGTACC-1,tumor
GCGGCTTTAGCAAGTT-1,tumor
GCGGGCAGACGGGTGA-1,
GCGGGCATTACGATGC-1,tumor
GCGGGCGAGCCTTACC-1,tumor
GCGGTCCCGGTGAAGG-1,tumor
GCGGTCTTGCTTTCAC-1,tumor
GCGGTGAACTGCGCTC-1,
GCGGTTCCCTATCATG-1,tumor
GCGTAAATGGCCATAA-1,tumor
GCGTCCCTAAGACATA-1,tumor
GCGTCGCCAGGGTGAT-1,tumor
GCGTCGTAACATGGTC-1,tumor
GCGTCTAACCTCCTAA-1,tumor
GCGTCTCTGCATTGGG-1,tumor
GCGTGGTACTGGGTTA-1,tumor
GCGTTCTGACTAAGCG-1,
GCTAACTGAAGTCTGA-1,tumor
GCTAAGTAGTTTCTCT-1,tumor
GCTACAATCGAGGATA-1,tumor
GCTACGACTTATTGGG-1,tumor
GCTACTATAGTAGAGT-1,tumor
GCTAGACCGTCTACTG-1,tumor
GCTAGAGTAGAGATGT-1,tumor
GCTAGCACCTGGGCCA-1,tumor
GCTAGCAGGGAGTGGG-1,
GCTAGCGATAGGTCTT-1,tumor
GCTAGCTTGAATAGCT-1,tumor
GCTAGGCACCACGGAG-1,tumor
GCTAGTAGAGCTTGTA-1,tumor
GCTATACGTCTCGGAC-1,tumor
GCTATCATACTCATGG-1,tumor
GCTCAATCCGTTTATT-1,tumor
GCTCAATGTAATACCG-1,tumor
GCTCATTGATCATATC-1,
GCTCCATGAGTGCAGA-1,
GCTCCATGCAAAGCAA-1,tumor
GCTCCCAGTCGGTCCA-1,tumor
GCTCCGCTCGCTTCAG-1,tumor
GCTCCTGACATACTGG-1,tumor
GCTCGCTCATGTCCAA-1,tumor
GCTCGGAATTTAAAGC-1,
GCTCTTTCCGCTAGTG-1,tumor
GCTGAACTCTCCAGGG-1,tumor
GCTGAGGCGTGAGTAT-1,tumor
GCTGCACGGTTTCTTA-1,tumor
GCTGCTAAGTAGTCGA-1,tumor
GCTGCTACTGCGTAGC-1,tumor
GCTGCTCTCCGGACAC-1,
GCTGGCGGCGCATGCT-1,tumor
GCTGGTTTAGGCCATA-1,tumor
GCTGTATTACTGGCCC-1,tumor
GCTGTTGCTACCGAAC-1,tumor
GCTTAATGTAACTAAC-1,tumor
GCTTACGTAGTTAGTA-1,tumor
GCTTATGAAGCAGGAA-1,tumor
GCTTGCAGCACAATTG-1,tumor
GCTTGGATCGATTAGG-1,tumor
GCTTTCAGAGGAGGTG-1,tumor
GGAAACTAAATGGGCC-1,tumor
GGAAAGGGAATTGAGC-1,tumor
GGAAAGTGCCCATGCC-1,
GGAACCGTGTAAATTG-1,tumor
GGAACTTTGGCGATTA-1,tumor
GGAAGGACACCGTATA-1,tumor
GGAATGCGCTAGCGTG-1,
GGACAACCATGAAGCC-1,tumor
GGACACAAGTTTACAC-1,tumor
GGACACCTCGGTGTTG-1,
GGACCAACAGGATAAC-1,tumor
GGACCTCTAGGCCGCC-1,tumor
GGACTCACAAATTAGG-1,tumor
GGACTCGACAGCGCAT-1,tumor
GGACTCGTGAGTGGTC-1,tumor
GGACTCTTCCGGTTGA-1,tumor
GGACTCTTTGACTAAG-1,tumor
GGAGACCAATGTGCTT-1,tumor
GGAGACGACACCTTTG-1,tumor
GGAGCAACATTTCAAG-1,tumor
GGAGCGAGGCCTACTT-1,tumor
GGAGGCCGAAGTCGTC-1,tumor
GGAGGGTCAAGTAAGA-1,tumor
GGATCATCCCGTACGC-1,
GGATCCGGAATATACT-1,tumor
GGATCTTACTGCCCTT-1,tumor
GGATGAAGATCGCTGA-1,tumor
GGATGACGCGAGTTTA-1,tumor
GGATGGCTTGAAGTAT-1,tumor
GGATGTCCTTACCGCA-1,tumor
GGATTAATCATGGACC-1,tumor
GGATTGCTGTGACTCC-1,tumor
GGCAAAGGCGCCAATA-1,tumor
GGCAAATTACTTTACT-1,tumor
GGCAAGCCAGGGATAG-1,tumor
GGCAAGCCCATAGTGG-1,tumor
GGCAAGGCGAAATAGC-1,tumor
GGCACTCAGCCGACCC-1,tumor
GGCACTCCACTGGGCA-1,tumor
GGCAGCAAACCTATGC-1,tumor
GGCATTGAACATCTCA-1,tumor
GGCCCAGCTGGTTTGC-1,tumor
GGCCCGGAGCATGTCT-1,tumor
GGCCCGTATACCATGC-1,tumor
GGCCGAGACTCTGGTG-1,tumor
GGCCGGCGTCTGCTAT-1,tumor
GGCCGTTTGGGTTTCA-1,tumor
GGCCTGCTCTGATGTT-1,tumor
GGCCTGCTTCTCCCGA-1,tumor
GGCGAAATCTAACTTG-1,tumor
GGCGAACCGTTCTGAT-1,tumor
GGCGCATGAATTGATG-1,tumor
GGCGCGGAGATCTTTC-1,tumor
GGCGCGTTCGAGTTTA-1,tumor
GGCGCTTCATTCCCTG-1,tumor
GGCGGAGTAATATTAG-1,
GGCGGGCTCTAAGAGT-1,tumor
GGCGGTAGGATCATTG-1,
GGCGTAGGGAAAGCTG-1,tumor
GGCTAAAGGGCGGGTC-1,
GGCTACTATACACTCC-1,tumor
GGCTATTAAGTTGTAT-1,DCIS
GGCTCCTCCACCTGTT-1,tumor
GGCTCGCGTTGAGGTA-1,tumor
GGCTGAAATAGCAAAG-1,tumor
GGCTTTCAATAAGGGT-1,tumor
GGGAACGGGAGGTTAG-1,tumor
GGGAACGGTTTCAGAT-1,tumor
GGGAAGACGGTCTGTC-1,tumor
GGGAAGGGCTTTCTCA-1,tumor
GGGACCCGTATATCTT-1,tumor
GGGACTGCATAGATAG-1,
GGGAGAACTCACAGTA-1,
GGGAGCGACCGTAGTG-1,tumor
GGGAGGATGCCCGAAA-1,tumor
GGGAGTTAATGAGGCG-1,tumor
GGGATCCCAATACAAA-1,tumor
GGGATGGTCGTAACCG-1,tumor
GGGATTTACCGCACCT-1,tumor
GGGCACGTAGTACTGT-1,tumor
GGGCAGAGCAATCGTT-1,tumor
GGGCAGTCAACGCCAA-1,tumor
GGGCATGCATGTCGAG-1,tumor
GGGCCCGTCTTAAACA-1,tumor
GGGCCGGCCGAAGTAC-1,tumor
GGGCGCAGCGTTACTC-1,tumor
GGGCGGCAAATGAATT-1,tumor
GGGCGGGTTCCCTACG-1,tumor
GGGCGTCACCACGTAA-1,tumor
GGGCGTGGTTTCCCAG-1,tumor
GGGCGTTTACATTCAT-1,tumor
GGGCTATGATCGATGG-1,tumor
GGGCTGCCTAGGGCGA-1,
GGGCTGGTTAGTCGCG-1,
GGGTACTTCATGAACT-1,tumor
GGGTCACCGTGACGGT-1,tumor
GGGTCAGGAGCTAGAT-1,tumor
GGGTCGTGGCAAGTGT-1,tumor
GGGTCTATCGCTTTCC-1,tumor
GGGTGACACCTTAACT-1,tumor
GGGTGCATATGAAAGC-1,tumor
GGGTTAACATTTGAGT-1,tumor
GGGTTTAGGATAGGAT-1,tumor
GGTAAACTCTGCGCTG-1,tumor
GGTAACCGGGAGGATA-1,tumor
GGTACAAACATGCTAT-1,tumor
GGTACACCAGATTTAT-1,tumor
GGTACCATTAAGACGG-1,tumor
GGTACGTTGCGGCCGG-1,tumor
GGTACTAAGTGCTTTG-1,tumor
GGTAGAAGACCGCCTG-1,tumor
GGTAGACCGTTGGGCG-1,tumor
GGTAGGCCAATATCAC-1,tumor
GGTAGTGCTCGCACCA-1,tumor
GGTATAGTGACACATA-1,tumor
GGTATTGCCGAGTTTA-1,tumor
GGTCAAGACTACTTCG-1,tumor
GGTCAGTGGGTCCCAC-1,tumor
GGTCGGCCAGGAGCTT-1,
GGTCGGTCGTCCACAG-1,tumor
GGTCTCCAAGTAGTGC-1,tumor
GGTCTCCGTCCAGGTT-1,tumor
GGTCTCTGAATGGACT-1,tumor
GGTCTTGAGCGCTCTT-1,tumor
GGTGAAGTACAGGGAT-1,tumor
GGTGATAAGGAGCAGT-1,tumor
GGTGCAGAGCCTATCG-1,
GGTGCATAAATGATTA-1,tumor
GGTGCTGGTACACATT-1,tumor
GGTGGACTGCTCTGGC-1,tumor
GGTGGAGGTTGATACG-1,tumor
GGTGTAAATCGATTGT-1,tumor
GGTGTAGGTAAGTAAA-1,tumor
GGTGTTGGGCGTCTTA-1,tumor
GGTTACCACCCTCGGG-1,tumor
GGTTACCCGACACTTT-1,tumor
GGTTAGCTATATGTCT-1,tumor
GGTTCTACTCGTCTGA-1,tumor
GGTTTAATTACCATCG-1,tumor
GGTTTAATTGAGCAGG-1,tumor
GGTTTAGCCTTTCTTG-1,tumor
GGTTTCAATCGGTCAG-1,tumor
GGTTTGTGACCTGAGG-1,tumor
GTAACATCTAAGATAA-1,tumor
GTAACTGCCCAAGGAG-1,tumor
GTAAGTAACAGTCTGG-1,tumor
GTAAGTCCACACTCTA-1,tumor
GTAATAAAGGGCTCCC-1,tumor
GTAATCTGATTCTTCG-1,tumor
GTACACTTACCTGAAG-1,tumor
GTACAGAGGCAAGGGT-1,tumor
GTACGCTTCATTGCAC-1,tumor
GTACGTCACGTATTAA-1,
GTACGTTTGCCCGTCA-1,tumor
GTACTCCTGGGTATGC-1,tumor
GTACTGGAGTTAGACC-1,tumor
GTAGACACGCCTGACT-1,tumor
GTAGAGGGAGACAAGT-1,tumor
GTAGCCAAACATGGGA-1,tumor
GTAGCGGCTATACACT-1,tumor
GTAGCTCCGGGAGGCT-1,tumor
GTAGCTTCCTCTTGTT-1,tumor
GTAGTCGCGGGAATCA-1,tumor
GTAGTCTACGATATTG-1,tumor
GTAGTTCGAAGGCGAA-1,tumor
GTATCAAACGTTAGCT-1,tumor
GTATCAAGGTACTTCC-1,tumor
GTATCCTTTGGTAACC-1,tumor
GTATCTTTCATAACCA-1,tumor
GTATGTGGGTCTAGTT-1,tumor
GTATTCTGAGAAACGA-1,tumor
GTATTTAATGGCATAA-1,tumor
GTCAACCAGGCCTATA-1,tumor
GTCAAGCGGACTCGGG-1,tumor
GTCAATGCTATAATTT-1,tumor
GTCATGCACCTCCGTT-1,
GTCATGCGCGAGGGCT-1,tumor
GTCATTAGAGCGAACG-1,tumor
GTCCAATATTTAGCCT-1,tumor
GTCCAGGCACGTGTGC-1,tumor
GTCCATTACTGCTACG-1,tumor
GTCCCGCGACGTTATG-1,tumor
GTCCGGACCTGAAATT-1,tumor
GTCCGGGTTCACATTA-1,tumor
GTCCTACGAATAGTCT-1,tumor
GTCGATAGGTGACTTT-1,tumor
GTCGCCGTTGTGTGTT-1,tumor
GTCGCGTAACCCGTTG-1,tumor
GTCGGATATCTCAGAC-1,
GTCGGGAAGCAGAAAC-1,tumor
GTCGTACCATCTCGGG-1,tumor
GTCGTATTGGCGTACA-1,
GTCGTCTGGTTGGCTA-1,tumor
GTCGTGTCTGGTCATC-1,tumor
GTCGTTATTCGCTTAT-1,tumor
GTCTAGTGAGCCGCTT-1,tumor
GTCTATACACGCATGG-1,
GTCTATCTGAGTTTCT-1,tumor
GTCTATTGCATGCTCG-1,tumor
GTCTATTGGTTCCGGT-1,tumor
GTCTCAAGGCCCGGCT-1,tumor
GTCTCCGCCTCAATAC-1,tumor
GTCTCCTGCCAGTATG-1,tumor
GTCTGCCGACTCGACG-1,tumor
GTCTGGGCGGTCGAGA-1,tumor
GTCTTGAGGAGCAGTG-1,tumor
GTCTTGTAGCTATTCA-1,tumor
GTGAACTCCCATTCGA-1,tumor
GTGACAGCTTCCCACT-1,tumor
GTGACCGCACACTACG-1,tumor
GTGACCTAAAGAATAA-1,tumor
GTGACGAGGGTGACCC-1,tumor
GTGACGCAGGTTTCAT-1,tumor
GTGACTTCAGTAGTGC-1,tumor
GTGAGATAACCTTATA-1,tumor
GTGAGGACACTTAAGG-1,tumor
GTGAGTGGTACAACGC-1,tumor
GTGATCAAGCGTGCAC-1,tumor
GTGATCACTAACGCCT-1,tumor
GTGATCATAGATCTGC-1,tumor
GTGATCCTTGTCATGA-1,tumor
GTGATTCGCCGCTCAA-1,tumor
GTGCACCAGCTTCAAC-1,tumor
GTGCAGCGTAGAGTAG-1,tumor
GTGCCATCACACGGTG-1,tumor
GTGCCCGTTCGGATTC-1,tumor
GTGCCGCTTCAAAGGT-1,tumor
GTGCCTGAGACCAAAC-1,tumor
GTGCGAAATCGAACAC-1,tumor
GTGCGACAGGGAGTGT-1,tumor
GTGCGTGTATATGAGC-1,tumor
GTGCTATCCAGCTGGA-1,
GTGCTCAAGTACTGTC-1,tumor
GTGCTTACATCAGCGC-1,tumor
GTGGACCAACCCGATT-1,tumor
GTGGACGCATTTGTCC-1,tumor
GTGGAGCATGTCGGCC-1,tumor
GTGGAGCGTTTACCGA-1,
GTGGAGTCGGCGGTTG-1,tumor
GTGGCTGTTTCTGTTC-1,tumor
GTGGGAACAAACCGGG-1,tumor
GTGGTATAGTCTGCCG-1,tumor
GTGGTGATGGTTTGTG-1,tumor
GTGGTGGCCAAGTGAA-1,tumor
GTGGTTACTTCTTTCG-1,tumor
GTGGTTTCCGCCTTTC-1,tumor
GTGTACGAACCGTTCC-1,tumor
GTGTATATCAGCGGGC-1,tumor
GTGTCAGTGTACGTGG-1,tumor
GTGTCGTATAGCGTTC-1,tumor
GTGTGAATAACTTAGG-1,tumor
GTGTTACTATGCGTCC-1,tumor
GTTAAAGTAGGACTGG-1,tumor
GTTAACATCACTTAAA-1,tumor
GTTAACTATGTTGTCA-1,tumor
GTTAAGGGTGCGATGT-1,tumor
GTTAAGTTAGAGTGGG-1,tumor
GTTACAATTGGTGACG-1,tumor
GTTACCTACAACTTGC-1,tumor
GTTACTTTGGGCCTAG-1,tumor
GTTAGCCCATGACATC-1,tumor
GTTAGCCGTAAATCAA-1,tumor
GTTAGGCTACCCGTTT-1,
GTTATAATACGGTGAA-1,tumor
GTTATATCAGGAGCCA-1,tumor
GTTATATTATCTCCCT-1,tumor
GTTCAGTCGCCAAATG-1,tumor
GTTCATCGTTTGGCTG-1,tumor
GTTCCCGTAAACATAT-1,tumor
GTTCCGTCCGCCTGCA-1,tumor
GTTCGACAATTGTATA-1,
GTTCGCCATAAGTGCC-1,tumor
GTTCGCTGAGACGTCT-1,tumor
GTTCGGAGCACTCAAC-1,tumor
GTTCGGATCGGGAACA-1,tumor
GTTCGGGCGTACCATT-1,tumor
GTTCGTCTAAAGAACT-1,tumor
GTTCGTCTGGGTCCCT-1,tumor
GTTCTTGTAACTCAAT-1,
GTTGAACCGGTTCCAT-1,tumor
GTTGAGTCCCGCCGGT-1,tumor
GTTGCGCTAACATTAC-1,tumor
GTTGCGGACGGTCAGG-1,tumor
GTTGGACCGCATCAGG-1,tumor
GTTGGATTGAGAACAC-1,tumor
GTTGGATTTGCGTTGG-1,tumor
GTTGGTCATGCTATCC-1,tumor
GTTGTAGATTTATGAG-1,tumor
GTTTACGTTCCATCTG-1,tumor
GTTTCAAACGAGTTGT-1,tumor
GTTTCTAGAGGCGCGG-1,tumor
GTTTCTGCAGTCTCCC-1,tumor
GTTTGACCAAATCCTA-1,
GTTTGGCCCAAGTTAT-1,tumor
GTTTGGGCTTGTGAGC-1,tumor
GTTTGGGTTTCGCCCG-1,tumor
GTTTGGTAGGGTCAAC-1,tumor
GTTTGGTGATCGGTGC-1,tumor
TAAACCCAGGAGGGCA-1,tumor
TAAAGACAACCCTTTA-1,tumor
TAAAGCGGTATTTCCA-1,tumor
TAAAGCTGCAATAGGG-1,
TAAAGTGCACGTCTCG-1,tumor
TAAATCTTTACACCTC-1,tumor
TAAATTGTGGGTAAAG-1,tumor
TAAATTTAGTAACACC-1,tumor
TAACAGCGTTTGTGCT-1,tumor
TAACAGGTTCCCTTAG-1,tumor
TAACATACAATGTGGG-1,tumor
TAACCTACCGTCCGAG-1,tumor
TAACCTAGGGAGTCCA-1,tumor
TAACTATTACGCCAAA-1,tumor
TAACTCATCCGCGCGG-1,
TAAGAGGGACAGGGAC-1,
TAAGCGCGAATCAAAT-1,tumor
TAAGGCAACATAAGAT-1,
TAAGGCATAACATCAA-1,tumor
TAAGGCCCGTCACCCT-1,tumor
TAAGGCTGAATCCCTC-1,tumor
TAAGGGCCTGTCCGAT-1,tumor
TAAGTAACATCTTGAC-1,tumor
TAAGTCGCCGAGTATC-1,tumor
TAAGTTGCGACGTAGG-1,tumor
TAATACTAGAACAGAC-1,tumor
TAATAGAACAGAGTTA-1,tumor
TAATAGCTAAATGATG-1,tumor
TAATCAACCAAATGGG-1,tumor
TAATTACGTCAGTAGA-1,tumor
TAATTAGGACATCCGT-1,tumor
TACAACGCACAACTCA-1,tumor
TACAAGGGCTTCTTTA-1,tumor
TACACAGCCGTGGTGC-1,tumor
TACACCGTCGTTAGTC-1,tumor
TACACCTCTTCGAATC-1,tumor
TACAGAAACGGTGGGC-1,tumor
TACATAGGCATACACC-1,tumor
TACATGCCGGAATTGT-1,tumor
TACATTTCTAACGTGC-1,tumor
TACCAAATAGCCCAGA-1,tumor
TACCAATAAAGTACCA-1,tumor
TACCAGAAGTAGGTTC-1,tumor
TACCAGGAATCCCGTC-1,tumor
TACCATGTATTGATTT-1,tumor
TACCGAATAATTGTAA-1,tumor
TACCGCGGACTTGCAG-1,tumor
TACCGGCTCACTGCCC-1,tumor
TACCGGTCGTTTCCAT-1,tumor
TACCGTAGGTTAACTA-1,tumor
TACCGTGCCTCGGACC-1,tumor
TACCTACTCCCAGTAT-1,tumor
TACCTCAGTTGTCTGT-1,tumor
TACCTCCACACCAATG-1,tumor
TACCTTAAGATTTCCC-1,tumor
TACGAACACGACTTCA-1,
TACGACGCTTGCTGCG-1,tumor
TACGACTGCCTCTTAG-1,tumor
TACGAGAACTTCACGT-1,tumor
TACGATGTTGATCATC-1,
TACGCAGTTCTTTCCT-1,
TACGCCATATTCTAAT-1,tumor
TACGCCGAGGGTACCC-1,tumor
TACGCCGCCTCAGAAG-1,tumor
TACGCCTCCATTCCGA-1,tumor
TACGCTATAGAAACCT-1,tumor
TACGCTCCTAGAACTG-1,tumor
TACGCTCGGTATTGGA-1,tumor
TACGCTGCTGTGTTAA-1,
TACGGAAGCCAAACCA-1,tumor
TACGGCATGGACGCTA-1,tumor
TACGGGATGCTAGCAG-1,
TACGGGTAATAACATA-1,tumor
TACGTAAAGCGGAGTG-1,tumor
TACGTACTAGTGCTGA-1,tumor
TACGTGCAAGGTTCCT-1,tumor
TACGTGGGCCCAGGGC-1,tumor
TACGTTTACCGGCAAT-1,tumor
TACTACGTGCAATGCG-1,tumor
TACTATGGTTCCTCAG-1,tumor
TACTCCTCTAGTTGAC-1,tumor
TACTCGTTTGAATCAA-1,tumor
TACTCTCCGAACAAAT-1,
TACTCTTACTTTACTG-1,tumor
TACTCTTTCGTCTTCA-1,tumor
TACTGAACAGATTTAG-1,tumor
TACTGTTTCTCTGGTA-1,tumor
TACTTAAACATGTACA-1,tumor
TACTTGTTAGTAGTCC-1,tumor
TACTTTACTGAGCCGG-1,tumor
TAGAATAGCCGATGAA-1,tumor
TAGACGAAACGCCAAT-1,tumor
TAGACGCCCGTACCGG-1,tumor
TAGACTACCTAGCGTT-1,tumor
TAGAGGGAGTTTATCT-1,tumor
TAGAGGTTCTACTTGT-1,tumor
TAGATATGGACTGGAA-1,tumor
TAGATGGTTCCTTACT-1,tumor
TAGATTCAAAGTGCGG-1,tumor
TAGCAGTATGACTAAA-1,tumor
TAGCCATTTCAAAGTC-1,tumor
TAGCCGGCGGTCAGCG-1,tumor
TAGCGTCCCTCGATTG-1,tumor
TAGCGTCCGGTGTGGT-1,tumor
TAGCGTTGGGTCTTAC-1,tumor
TAGCTAAGTCCGGGAG-1,
TAGCTAGAAGGCATGA-1,tumor
TAGCTAGTGATGATGG-1,tumor
TAGCTCGCCTGATAAC-1,tumor
TAGGATCTTAACCGCA-1,
TAGGCCTATATAGTCT-1,tumor
TAGGCGATGAGGTCTC-1,
TAGGCTAAAGTGGCAC-1,tumor
TAGGGAGCTTGGGATG-1,tumor
TAGGTCGCCGGAACTG-1,tumor
TAGGTGACGATAACCT-1,tumor
TAGGTGCTCGCCTAGC-1,tumor
TAGGTGTTCCACAGAT-1,tumor
TAGGTTCGAGTTCGTC-1,tumor
TAGGTTCTGCTGAGAA-1,tumor
TAGTACCACAACTTTC-1,
TAGTAGCTTATACCAG-1,tumor
TAGTCCCGGAGACCAC-1,tumor
TAGTCCGCAGAGAATG-1,
TAGTCCTGCACTAAGC-1,
TAGTCGATCACGGGTT-1,tumor
TAGTCTAACAACGAGA-1,tumor
TAGTCTGCGGCACATT-1,
TAGTCTGTGACGTTGC-1,tumor
TAGTCTTTCCGAATTG-1,tumor
TAGTGCCCTCCAGAGT-1,
TATACACAGACGCCTT-1,tumor
TATACCGAGTGCCACA-1,tumor
TATACGCGTCATCACT-1,tumor
TATAGAGTCGCTTGAA-1,tumor
TATAGATGGTCGCAGT-1,tumor
TATATAGGGCTTTACG-1,tumor
TATATATCGAGAAATG-1,tumor
TATATCAAAGTGATCT-1,tumor
TATATCCCTGGGAGGA-1,tumor
TATCACCCAACCGACC-1,tumor
TATCACTTCGAGTAAC-1,
TATCCAATTGGTTATC-1,tumor
TATCCATCTCGGTTAG-1,
TATCCGCACCGTCGGG-1,tumor
TATCCTATCAACTGGT-1,tumor
TATCTACCACAGCGGG-1,tumor
TATCTTGCAATACAAC-1,
TATGAAGAATTAAGGT-1,tumor
TATGATCCGGCACGCC-1,tumor
TATGATCTTCTCTTTA-1,tumor
TATGATTCTGCTTGGT-1,
TATGGCTAGGCTAATT-1,tumor
TATGGGACCGAGCAGG-1,
TATGGGTACGTATCGT-1,
TATGGTCTGAGTAACA-1,
TATGGTTAGTGGGAGA-1,tumor
TATGTAAAGTGCTTAA-1,tumor
TATGTCAAGACCGACT-1,
TATTAACCTGACCGCG-1,tumor
TATTACCATCCTGCTT-1,tumor
TATTCAATTCTAATCC-1,tumor
TATTCCACTCAGCTCG-1,tumor
TATTCCGAGCTGTTAT-1,tumor
TATTCCTCCGCCCACT-1,tumor
TATTCGTGCCAGAATA-1,tumor
TATTGACATTTCTGCC-1,tumor
TATTGCCGGGCTTGTA-1,tumor
TATTTGATTTGCACAG-1,tumor
TCAAATTGTTGTGCCG-1,tumor
TCAAATTTGAGACTCA-1,tumor
TCAACAAAGATAATTC-1,tumor
TCAACATAGCGCCCTA-1,tumor
TCAACGAGGAGACAAA-1,tumor
TCAACGCAGGAAATAA-1,tumor
TCAACGCGACCGGCAG-1,
TCAACTGCAGAGTCAG-1,tumor
TCAAGAAATACTAGCT-1,tumor
TCAAGCGCGGACGGTA-1,tumor
TCAAGCTGCCTTGAAA-1,tumor
TCAAGGTTACTACACC-1,tumor
TCAATACGCCGTCATG-1,tumor
TCACAAACCGAGGTAC-1,tumor
TCACAGCAAACTCGAA-1,tumor
TCACAGGAGAATAAGA-1,tumor
TCACAGGGAATCGCAA-1,tumor
TCACAGGTTATTGGGC-1,
TCACCCTCTTAAGATT-1,tumor
TCACCGCTCGGCACTC-1,tumor
TCACGATGTCCGTGGA-1,tumor
TCACGCATTGTAGATC-1,tumor
TCACGTGCCCGATTCA-1,tumor
TCACTATCGTGCAATC-1,
TCAGAACCTCCACAGG-1,tumor
TCAGAACGGCGGTAAT-1,tumor
TCAGACGCTATAGAAG-1,tumor
TCAGCAGTAGGCCCTG-1,tumor
TCAGCCAATCCGTAAA-1,tumor
TCAGCGCACGCCGTTT-1,tumor
TCAGGTTCTTTGAGAA-1,
TCAGTAGGGACTATAA-1,tumor
TCAGTGTATACGTCAT-1,tumor
TCATATGAGCTTTGTT-1,tumor
TCATCCTCAGCTGCTT-1,tumor
TCATCGACGACCGTCG-1,tumor
TCATCGATGGTCCCAA-1,tumor
TCATTTAAGTCTCCGA-1,tumor
TCATTTAGAAGTGTGA-1,tumor
TCCAACTCAGCTATCT-1,tumor
TCCAACTTTAAATTCT-1,tumor
TCCAAGCCTAGACACA-1,tumor
TCCAATAAAGGCTACC-1,tumor
TCCACATCGTATATTG-1,tumor
TCCACCTCTAGCCTTT-1,tumor
TCCAGAGCACCGGTTC-1,tumor
TCCAGATGTACGCCAA-1,tumor
TCCAGCGCTATAAGCG-1,tumor
TCCAGGCAGGACGATC-1,tumor
TCCAGGCGAGTACGGT-1,
TCCAGGGTATATACGA-1,tumor
TCCATTCCCACTAGAG-1,tumor
TCCCAAACAGACAACG-1,tumor
TCCCAAAGCCCTAAAT-1,tumor
TCCCACTCTCTTCCGG-1,tumor
TCCCAGCACACGACAT-1,tumor
TCCCAGCTTTAGTCTG-1,
TCCCGCCTATGTGCGT-1,tumor
TCCCGGGTGTGCTGCT-1,
TCCCGTCAGTCCCGCA-1,
TCCCGTCGCGTCATAG-1,tumor
TCCCGTGTGCAATTTG-1,tumor
TCCCTAGATCAATAGG-1,tumor
TCCCTCTTCTCAAGGG-1,tumor
TCCGAACGTTGCCGCT-1,tumor
TCCGAATGGTCCTGAG-1,tumor
TCCGACCGCTAATCAA-1,tumor
TCCGATGACTGAGCTC-1,
TCCGCCTGTCTACAAG-1,tumor
TCCGCGGCAGCATCTG-1,tumor
TCCGCGGCCCAATGAA-1,tumor
TCCGCTGTCATCCCGG-1,tumor
TCCGCTTATCCCATTA-1,tumor
TCCGGCCTAGCGTACA-1,tumor
TCCGGCTGTCGGGTCG-1,
TCCGGGCTTGACGGGA-1,tumor
TCCGGTTCGTCCGGTC-1,tumor
TCCGTTAAGCTAATAT-1,tumor
TCCGTTTAGCCTTGAA-1,tumor
TCCTAAAGATTCAGAC-1,tumor
TCCTAAATTGGGAAGC-1,tumor
TCCTAACCGTCGGGCA-1,tumor
TCCTACATCCACGGCC-1,tumor
TCCTAGCAAAGAAGCT-1,tumor
TCCTATCATAGGTAAC-1,tumor
TCCTCGGGCTGGGCTT-1,tumor
TCCTGGCGCTGCCTGG-1,
TCCTTACGACGGTCCG-1,tumor
TCCTTGTCCTTTAATT-1,tumor
TCCTTTAAATCCGCTT-1,tumor
TCCTTTCTTACGCTTA-1,
TCGAAGAACCGAGCAC-1,tumor
TCGAATATCCCGCAGG-1,tumor
TCGAATCGCAGGGTAG-1,
TCGACAACTGAACCCG-1,
TCGAGACCAACACCGT-1,
TCGAGCCAGGCAGGCC-1,tumor
TCGAGGGCAACAGACG-1,tumor
TCGATTTACGAAACGA-1,
TCGCAAAGATGCATTT-1,tumor
TCGCACCAGGAGGCAG-1,tumor
TCGCATAAAGGGCGCA-1,tumor
TCGCCGAAGTTGCGTC-1,tumor
TCGCCGACATATTCGC-1,tumor
TCGCGTAGCAGTGTCC-1,tumor
TCGCTAAACCGCTATC-1,
TCGCTACTGGCTTTGA-1,tumor
TCGCTCGATATATTCC-1,
TCGCTCGGCACCAGCG-1,tumor
TCGCTGCCAATGCTGT-1,tumor
TCGGACGCCCAGCCCA-1,tumor
TCGGCGAACCCAAACC-1,tumor
TCGGCTTGTATCGACG-1,tumor
TCGGGAACGTGCCTAG-1,tumor
TCGGGAGACAGCGTAC-1,tumor
TCGGGCCGTCGTGGTA-1,tumor
TCGTACCGACGTCAAG-1,tumor
TCGTCAAGTACGCGCA-1,tumor
TCGTCTTAGGCGTTAA-1,tumor
TCGTGTACTATGGATG-1,tumor
TCGTGTATTGGTCACG-1,tumor
TCGTGTTCGACCACAA-1,tumor
TCGTTAGGAGTCCCTA-1,tumor
TCGTTGCTATCCGGTC-1,tumor
TCGTTTACGCGACCCT-1,tumor
TCTAATACTGCCTCAG-1,
TCTACCCAATAGAGAG-1,tumor
TCTACCGTCCACAAGC-1,
TCTACGGGCTCAGTTG-1,tumor
TCTAGCAATCTCCGCC-1,tumor
TCTAGCATGCCCAGAA-1,tumor
TCTAGGTGGCGACGCT-1,tumor
TCTAGTGATATCGTGG-1,tumor
TCTAGTTATCAGAAGA-1,
TCTATAGGTGGGTAAT-1,tumor
TCTATCCGATTGCACA-1,tumor
TCTATGCTATAACGAC-1,tumor
TCTCAAATCAATCGGG-1,tumor
TCTCATGAGATAGGGT-1,tumor
TCTCCACAAGTTGAAT-1,tumor
TCTCCCTGGGCAGCGT-1,tumor
TCTCGACGTATCGCCG-1,tumor
TCTCGAGGAGGTTCGC-1,tumor
TCTCTCGCCGCACATA-1,tumor
TCTCTTACCGCGAACC-1,tumor
TCTGAACTCGTACCCG-1,tumor
TCTGAAGCACGTGGTC-1,tumor
TCTGAATTCCGTACAA-1,tumor
TCTGACGGGCTAACCC-1,tumor
TCTGACTGTAATGGTT-1,
TCTGAGCAATTGACTG-1,tumor
TCTGATCGGGTGCTAG-1,tumor
TCTGATGTATTCTGTC-1,tumor
TCTGATTGGAAATGGA-1,tumor
TCTGCACCATTAGTAA-1,tumor
TCTGCATACCTTGCTT-1,tumor
TCTGCCAGAAACTGCA-1,tumor
TCTGCGAATCGTTCGC-1,tumor
TCTGCTTAGAACAAGC-1,tumor
TCTGGAGCGTAAGAGT-1,tumor
TCTGGCCGTTCAAGTT-1,tumor
TCTGGGAACCTTTGAA-1,tumor
TCTGGGTAGCGCTCAT-1,tumor
TCTGTTACCCAGCATA-1,tumor
TCTTACTTATGCCTCT-1,tumor
TCTTAGAGCTCCAATT-1,tumor
TCTTAGAGTGAACTCT-1,tumor
TCTTCCCATGGGCACA-1,tumor
TCTTCGAATAGACGTT-1,tumor
TCTTCGATACCAATAA-1,
TCTTCGCGGTGAGAGG-1,tumor
TCTTCTATAACCCGCC-1,tumor
TCTTGCTCCCGATACT-1,tumor
TCTTTAAGACTATGAA-1,tumor
TCTTTAGAGTCTAACA-1,tumor
TCTTTAGCAGGCGAAC-1,tumor
TCTTTCCTTCGAGATA-1,tumor
TGAAAGGACCTGACTC-1,tumor
TGAACAAGCAGGGACT-1,tumor
TGAATACCGACGCGTA-1,tumor
TGAATGAGATACAGCA-1,tumor
TGAATGAGTGTTTCCC-1,tumor
TGAATGTCAGCCGGCC-1,tumor
TGACAACGCATGTCGC-1,tumor
TGACACTTCTCTTTGC-1,
TGACATCGAGCGGACC-1,tumor
TGACATGTAACGTGAC-1,tumor
TGACCAAATCTTAAAC-1,tumor
TGACCCACGTTAGACA-1,tumor
TGACGATGCACTAGAA-1,tumor
TGACTATAATCCTTTC-1,tumor
TGACTCCGAATCATAC-1,tumor
TGAGAGATTTACCACG-1,tumor
TGAGCCATACAGTCTC-1,tumor
TGAGCGGAAAGTGTTC-1,tumor
TGAGCTCAACTGTATA-1,
TGAGGAGTGCCAGCTT-1,tumor
TGAGGTGTGTGGCGGA-1,tumor
TGAGTAAATTAGCGTA-1,tumor
TGAGTGCCTCTTAAAT-1,tumor
TGAGTTAAAGACATTC-1,tumor
TGATACATTTAGCCGT-1,tumor
TGATCACCACACTGAC-1,tumor
TGATCCCAGCATTAGT-1,tumor
TGATCTACGCTGATCT-1,
TGATCTATCACACTCT-1,tumor
TGATGGCTGTTTCTGA-1,tumor
TGATGTCAATTAAGTG-1,tumor
TGATTCCCGGTTACCT-1,tumor
TGATTCGTCTATCACT-1,
TGATTCTGTCGCCGGT-1,tumor
TGATTTATTAGCTGTG-1,tumor
TGCAAAGTTCGTCTGT-1,tumor
TGCAACCCATCTGCGG-1,tumor
TGCAACTACTGGTTGA-1,tumor
TGCAAGAATGACGTAA-1,
TGCAATCTAACACGGT-1,tumor
TGCAATTTGGGCACGG-1,
TGCAGAGTACCGAGCA-1,tumor
TGCAGGATCGGCAAAG-1,
TGCAGTTTCCTCCCAT-1,tumor
TGCATATGTCTGTCAC-1,tumor
TGCATGTGACCCATAG-1,tumor
TGCCAATGGGTACTCT-1,tumor
TGCCAGTACGTGGAGA-1,tumor
TGCCATTACTAAAGAA-1,
TGCCCGATAGTTAGAA-1,tumor
TGCCCGTACCGTTAAA-1,tumor
TGCCGAAAGCGTATTC-1,tumor
TGCCGGATGTACGAGC-1,tumor
TGCCGTGGATCGTCCT-1,tumor
TGCCGTGGGACCCAAT-1,tumor
TGCCTAAATTTAATAG-1,tumor
TGCCTAATTGAAGATT-1,tumor
TGCCTTGGCCAGGCAA-1,tumor
TGCGACACCCTAGTGC-1,
TGCGACGGCCGAACGT-1,tumor
TGCGAGAATATTACCC-1,tumor
TGCGCCGTTAATAACG-1,tumor
TGCGGACTTGACTCCG-1,tumor
TGCGTAAGAACCTGAT-1,tumor
TGCGTACGGCTAATTG-1,tumor
TGCGTTTGTTGACACT-1,tumor
TGCTAAGTGTCTATTT-1,tumor
TGCTCCACAGTTCTTA-1,tumor
TGCTCGGCGAAACCCA-1,tumor
TGCTCGGTGGGTCACC-1,tumor
TGCTCTGCCGGTTCAC-1,tumor
TGCTCTTGAGAGTTTG-1,tumor
TGCTGTTGAAGAACTC-1,tumor
TGCTTAGAGAGAATGC-1,tumor
TGCTTCCCAAGCAGTA-1,tumor
TGGAACCACTGACACA-1,tumor
TGGAAGAAGGGAACGT-1,tumor
TGGAATATCCTTGACC-1,tumor
TGGACCAATCTAAGAT-1,tumor
TGGACTGTTCGCTCAA-1,tumor
TGGAGAATAATCGTCC-1,tumor
TGGAGGGAAACACCTC-1,tumor
TGGCAAACTAAATTAC-1,tumor
TGGCAACTCGCGCGCC-1,
TGGCAAGCACAAGTCG-1,tumor
TGGCAATGGGACGGCG-1,tumor
TGGCAGATTACGATCA-1,tumor
TGGCAGCAGTAATAGT-1,tumor
TGGCGACTGCTCCAAA-1,tumor
TGGCGATCAAGTTATG-1,tumor
TGGCTACACTCTACCT-1,tumor
TGGCTATGTGACATAC-1,tumor
TGGGCAATAGTTGGGT-1,tumor
TGGGCAGGCCACCGCA-1,tumor
TGGGCCCATACTAATT-1,tumor
TGGGCGATACAATAAG-1,tumor
TGGGTGCACAAGCCAT-1,tumor
TGGGTGTAATAGATTT-1,tumor
TGGGTGTTAAGTAGAA-1,
TGGTAGAATATATGGG-1,tumor
TGGTCCCACGCTACGG-1,tumor
TGGTGCCCTGCCTTAC-1,
TGGTTAAGGGCGCTGG-1,tumor
TGGTTCAACGGGTAAT-1,tumor
TGGTTTAAACGTGGGT-1,tumor
TGTACCTACACGAGGG-1,tumor
TGTACGAACAAATCCG-1,tumor
TGTACTACTCTCACGG-1,tumor
TGTAGCCAATTCCGTT-1,tumor
TGTAGCCATCCCATTC-1,tumor
TGTAGGAGAAATTTCC-1,tumor
TGTAGTGATCTATAAT-1,
TGTATACGGATGATGA-1,tumor
TGTATGGCGCAGACAG-1,tumor
TGTCATTTGTTGGGAA-1,
TGTCCACGGCTCAACT-1,tumor
TGTCCGCAAACAATTC-1,tumor
TGTCGTGGGTATAGGC-1,
TGTCGTTATCACATAT-1,tumor
TGTGACTAGAGTTTGC-1,tumor
TGTGAGACTAGCCCAA-1,tumor
TGTGCCGGTGCCGGAA-1,tumor
TGTGGACTATCTACGT-1,tumor
TGTGGCGGGCTTCTGG-1,tumor
TGTGGCTCCCACCAAC-1,tumor
TGTGGTAGGGTGCCTT-1,tumor
TGTGGTTGCTAAAGCT-1,tumor
TGTGTAGTAGCACGTG-1,tumor
TGTTATTGTATGTGGC-1,tumor
TGTTCCGCTTCCATGA-1,tumor
TGTTCCGGCCTGAGCT-1,tumor
TGTTCGTATTGCGGTG-1,tumor
TGTTCTTCCATTGACT-1,
TGTTGCCGTCGTCCCA-1,tumor
TGTTTGAGATCGTCAG-1,tumor
TTAAACTCGAATTCAT-1,tumor
TTAAAGGCGATGCTCG-1,tumor
TTAAAGTAAGTCGCCA-1,tumor
TTAACGAACAAGCAGT-1,tumor
TTAAGATAGGATTGAC-1,tumor
TTAAGCGCCTGACCCA-1,
TTAAGGCCCGTACTTT-1,
TTAAGTATTGTTATCC-1,tumor
TTAATTGCTTTGGGTG-1,tumor
TTACACGATCTGCGAC-1,tumor
TTACAGACCTAAATGA-1,tumor
TTACATGCCACAACTA-1,tumor
TTACCATTGATTACCC-1,
TTACCCTAGGGATTGG-1,tumor
TTACGGATGGTTCGAG-1,tumor
TTACGTATCTATGACA-1,tumor
TTACTAAAGGACTTTA-1,tumor
TTACTCCGGCCGGGAA-1,tumor
TTACTCTGGTACGTAC-1,tumor
TTACTGGGATATTTCA-1,tumor
TTAGAAGAACATGACT-1,tumor
TTAGAATAAGGGTCGG-1,tumor
TTAGACGAGTCACCTC-1,tumor
TTAGAGTTTAGAAGGA-1,tumor
TTAGATAGGTCGATAC-1,
TTAGCTGATTTGCCGT-1,tumor
TTAGGATGGGAGGGTA-1,tumor
TTAGGTCATAACCGAC-1,tumor
TTAGTAAACCTGCTCT-1,tumor
TTAGTTATTCGTGGCA-1,tumor
TTAGTTCAAGTGTTCG-1,tumor
TTATAGGTAATTGTCT-1,tumor
TTATATACGCTGTCAC-1,tumor
TTATCCGGGATCTATA-1,tumor
TTATGAATGAAAGGGA-1,tumor
TTATGATCTTAACGAA-1,tumor
TTATGCGTCCCGGTCC-1,
TTATTAGAGCGTGTTC-1,tumor
TTATTATCTGGAAGGC-1,tumor
TTCAAAGTCTCTAGCC-1,tumor
TTCAATACTCTGAATC-1,tumor
TTCACGAAAGGATCAC-1,
TTCACTCGAGCACCTA-1,tumor
TTCACTTCCTAGAACG-1,tumor
TTCAGCCCTGGTCCAC-1,tumor
TTCAGCTGGCGTGCCC-1,tumor
TTCAGTTCAAGAGGAG-1,
TTCCAATCTGGCTATC-1,tumor
TTCCACACAGATTTGA-1,tumor
TTCCAGACGAGATTTA-1,tumor
TTCCATCGACAGCGTG-1,tumor
TTCCGCGTGAGGCGAT-1,tumor
TTCCGGCCTTGAGGCT-1,tumor
TTCCGGTATCTGTGTC-1,tumor
TTCCGGTTACCCACTT-1,tumor
TTCCTCGGACTAACCA-1,tumor
TTCGACAGAGCCCGTG-1,tumor
TTCGCACTGTACGACA-1,tumor
TTCGCGCGCCATACGA-1,tumor
TTCGCTAGGAAGTTGT-1,tumor
TTCGGGACTAATCGCG-1,tumor
TTCGGGCGCTAGTCTT-1,tumor
TTCGGGTTGCCACGGG-1,tumor
TTCGGTACTGTAGAGG-1,tumor
TTCGGTGGAGACGCCC-1,tumor
TTCTAACCGAAGCTTA-1,tumor
TTCTAGAAAGTCTTAT-1,tumor
TTCTATGCCTTTCGCA-1,tumor
TTCTATTAAACGCAGC-1,tumor
TTCTGACCGGGCTCAA-1,tumor
TTCTGCCGCGCCTAGA-1,tumor
TTCTGCGGGTTAGCGG-1,tumor
TTCTGCTAGACTCCAA-1,tumor
TTCTTATCCGCTGGGT-1,tumor
TTCTTGAGCCGCGCTA-1,tumor
TTCTTGCTAGCATCTC-1,tumor
TTCTTGGACGATCTGC-1,tumor
TTCTTTGGTCGCGACG-1,tumor
TTGAAAGGTGTAAAGG-1,
TTGAACGACGTGCTGA-1,tumor
TTGAAGAATTCCCAGG-1,
TTGAAGGATGGGCGCC-1,
TTGAATATGGACTTTC-1,tumor
TTGAATTCACGTGAGG-1,tumor
TTGACAGGAGCTCCCG-1,tumor
TTGACATGAACGTGGA-1,tumor
TTGACCAGGAACAACT-1,tumor
TTGACCGTGTTAATGA-1,tumor
TTGACGCTCCATGAGC-1,tumor
TTGACTACCATATGGT-1,tumor
TTGACTATTGTCCGGC-1,tumor
TTGAGAAGTTTAGCAT-1,tumor
TTGAGAGTACTGCTAA-1,tumor
TTGAGCAGCCCACGGT-1,tumor
TTGAGCGCCACGTGAT-1,tumor
TTGAGTCCCGCTGCTG-1,tumor
TTGATAGTCAATACAT-1,tumor
TTGATGCCGCTCGTCG-1,tumor
TTGATTAGCTGTTTCT-1,tumor
TTGCAAGAAGACTCCT-1,tumor
TTGCACAATTCAGAAA-1,tumor
TTGCATGCTGATCACG-1,tumor
TTGCCAAGCAGAACCC-1,tumor
TTGCCCTGATCACGGG-1,tumor
TTGCCGCAGACCTACA-1,
TTGCCGCTTTCTAGTA-1,tumor
TTGCCTTCTCGCCGGG-1,tumor
TTGCGCTTGATCAATA-1,tumor
TTGCGGCATCAGAAAG-1,tumor
TTGCGTCGGCCAACCG-1,tumor
TTGCGTGTGTAGGCAT-1,tumor
TTGCTCATAGTACGTG-1,tumor
TTGCTGATCATGTTCG-1,
TTGGACCATCTGGCAA-1,tumor
TTGGACCTATAACAGT-1,tumor
TTGGAGTCTCCCTTCT-1,
TTGGATATCGTCTACG-1,tumor
TTGGCGATCCGAATAT-1,tumor
TTGGCTCAATATGTGT-1,tumor
TTGGGAAGACGAGCCG-1,tumor
TTGGGACGTAAGAGTT-1,tumor
TTGGGTTTATTCAGCG-1,tumor
TTGGTATGGCTTGTGT-1,tumor
TTGGTCACACTCGTAA-1,tumor
TTGGTTCGCTCAAAGG-1,tumor
TTGTAAGGACCTAAGT-1,tumor
TTGTAATCCGTACTCG-1,
TTGTGAACCTAATCCG-1,tumor
TTGTGCAGCCACGTCA-1,tumor
TTGTGGTATAGGTATG-1,tumor
TTGTGGTGGTACTAAG-1,tumor
TTGTGTATGCCACCAA-1,tumor
TTGTGTTTCCCGAAAG-1,tumor
TTGTTTCACATCCAGG-1,tumor
TTGTTTCATTAGTCTA-1,tumor
